t,lat,lon,altitude_m,speed_kmh,heading_deg,gps_dop,gps_sats,dist_m,arc_m,slope_pct,slope_deg,g_vertical,g_lateral,g_longitudinal,g_lateral_peak,g_long_peak,in_curve
0.0,43.49463055555556,13.500294444444444,99.7,39.3068,100.3,0.68,14,0.0,0.0,,,0.9234,0.106,0.2275,0.3477,0.772,True
0.0,43.49448888888889,13.5007,103.2,0.0,,0.68,14,36.309,0.0,9.64,5.506,,,,,,True
0.0,43.494419444444446,13.500791666666666,104.3,0.0,,0.68,14,10.691,0.0,10.29,5.874,,,,,,True
0.0,43.494347222222224,13.500872222222222,105.8,0.0,,0.68,14,10.33,0.0,14.52,8.262,,,,,,True
0.0,43.49418333333333,13.500980555555556,107.6,0.0,,0.68,14,20.211,0.0,8.91,5.089,,,,,,True
0.0,43.49409722222222,13.501011111111112,108.7,0.0,,0.68,14,9.887,0.0,11.13,6.348,,,,,,True
0.0,43.493925000000004,13.50105,111.0,0.0,,0.7,14,19.405,0.0,11.85,6.759,,,,,,True
0.0,43.493830555555554,13.501066666666667,112.0,0.0,,0.68,15,10.587,0.0,9.45,5.396,,,,,,True
0.0,43.49373055555556,13.501083333333334,113.0,0.0,,0.68,14,11.2,0.0,8.93,5.102,,,,,,True
0.0,43.493625,13.501105555555556,114.0,0.0,,0.68,14,11.873,0.0,8.42,4.814,,,,,,True
0.0,43.49351388888889,13.501138888888889,114.8,0.0,,0.68,14,12.644,0.0,6.33,3.62,,,,,,True
0.0,43.49316666666667,13.501302777777777,116.4,0.0,,0.68,14,40.81,0.0,3.92,2.245,,,,,,True
0.0,43.49292222222223,13.501430555555556,117.0,0.0,,0.68,14,29.07,0.0,2.06,1.182,,,,,,True
0.0,43.492802777777776,13.501491666666666,117.0,0.0,,0.73,13,14.167,0.0,0.0,0.0,,,,,,True
0.0,43.492580555555556,13.501602777777778,117.7,0.0,,0.75,12,26.285,0.0,2.66,1.525,,,,,,True
0.1,43.49462777777778,13.500308333333333,99.8,39.668,100.19,0.68,14,250.447,1.102,-7.15,-4.088,0.931,-0.0266,0.2634,0.3032,0.8491,True
0.2,43.494625,13.500319444444445,99.8,39.2994,101.43,0.68,14,0.948,1.092,0.0,0.0,0.9447,0.0125,0.2474,0.3042,0.6182,True
0.3,43.494622222222226,13.500347222222222,99.9,39.2235,101.9,0.68,14,2.262,1.09,4.42,2.531,0.9168,0.0139,0.2718,0.293,0.8403,True
0.4,43.494619444444446,13.500361111111111,100.0,38.7494,102.65,0.72,13,1.162,1.076,8.6,4.918,0.9996,0.0127,0.2217,0.3208,0.7769,True
0.5,43.494616666666666,13.500372222222222,100.0,38.5994,102.83,0.72,13,0.948,1.072,0.0,0.0,0.9978,-0.0005,0.2598,0.25,0.7524,True
0.6,43.494616666666666,13.50038611111111,100.1,38.6179,102.94,0.72,13,1.12,1.073,8.93,5.101,0.9424,0.0391,0.1955,0.4219,0.9961,True
0.7,43.49461388888889,13.5004,100.0,38.2068,103.81,0.72,13,1.162,1.061,-8.6,-4.918,1.0271,-0.0124,0.321,0.2515,0.9131,True
0.8,43.49461111111111,13.500411111111111,100.2,38.3234,107.09,0.72,13,0.948,1.065,21.1,11.913,0.9158,0.0566,0.2164,0.291,0.6387,True
0.9,43.49460833333333,13.500425,100.3,38.7661,108.26,0.72,13,1.162,1.077,8.6,4.918,0.971,0.0614,0.2972,0.4175,0.8652,True
1.0,43.49460277777778,13.500438888888889,100.4,38.7272,110.24,0.72,13,1.279,1.076,7.82,4.469,0.9346,0.0434,0.2171,0.269,0.8442,False
1.1,43.4946,13.50045,100.6,0.0,,0.72,13,0.948,0.0,21.1,11.913,0.9682,0.0706,0.2566,0.3252,0.6953,False
1.2,43.494597222222225,13.500461111111111,100.6,38.8087,111.72,0.72,13,0.948,1.078,0.0,0.0,0.96,0.0652,0.2429,0.3032,0.7212,False
1.3,43.494597222222225,13.500461111111111,100.6,38.8087,111.72,0.72,13,0.0,1.078,,,,,,,,True
1.4,43.494591666666665,13.500475,100.8,39.3124,114.29,0.68,14,1.279,1.092,15.63,8.885,0.9637,0.0936,0.251,0.4404,0.6724,True
1.5,43.49458888888889,13.500486111111112,,39.3087,115.21,,,0.948,1.092,,,,,,,,False
1.6,43.49458333333333,13.5005,100.9,0.0,,0.68,14,1.279,0.0,,,0.965,0.0799,0.2328,0.3291,0.7607,False
1.6,43.49458055555556,13.500511111111111,101.1,39.1383,117.06,0.68,14,0.948,0.0,21.1,11.913,0.9909,0.0605,0.292,0.2578,0.7241,False
1.7,43.494575,13.500525,101.2,38.8976,117.86,0.68,14,1.279,1.08,7.82,4.469,0.9584,0.0761,0.2237,0.3145,0.7578,False
1.8,43.494569444444444,13.500536111111112,101.3,37.929,117.73,0.68,14,1.089,1.054,9.19,5.249,1.0305,0.024,0.2712,0.3228,0.7925,False
1.9,43.49456666666667,13.500547222222222,101.4,37.6475,117.86,0.68,14,0.948,1.046,10.55,6.022,0.9836,0.0624,0.2207,0.3247,0.6987,False
2.0,43.49456111111111,13.500558333333334,101.6,0.0,,0.68,14,1.089,0.0,18.37,10.411,0.9806,0.05,0.2649,0.3711,0.8428,False
2.1,43.49455833333334,13.500569444444444,101.6,37.2104,118.55,0.68,14,0.948,1.034,0.0,0.0,1.0053,0.0771,0.2864,0.3462,0.7236,False
2.2,43.49455277777778,13.500580555555555,101.8,39.0513,121.92,0.68,14,1.089,1.085,18.37,10.411,0.9654,0.0334,0.2294,0.3271,0.9087,True
2.3,43.494547222222224,13.500591666666667,101.9,39.0513,123.6,0.68,14,1.089,1.085,9.19,5.249,0.9821,0.0755,0.2944,0.3452,0.772,True
2.4,43.494547222222224,13.500591666666667,101.9,39.0513,123.6,0.68,14,0.0,1.085,,,,,,,,True
2.4,43.49454166666667,13.500602777777777,102.1,39.4383,123.92,0.68,14,1.089,0.0,18.37,10.411,0.971,0.0637,0.2368,0.3486,0.9966,True
2.5,43.49453611111111,13.500616666666666,102.2,39.2476,124.84,0.68,14,1.279,1.09,7.82,4.469,0.99,0.0424,0.2714,0.356,0.7588,True
2.6,43.494530555555556,13.500627777777778,102.3,39.1865,125.64,0.68,14,1.089,1.089,9.19,5.249,0.9836,0.0715,0.2588,0.374,0.7334,True
2.7,43.494525,13.500638888888888,102.4,38.929,126.21,0.68,14,1.089,1.081,9.19,5.249,0.9699,0.061,0.2179,0.3032,0.7979,True
2.8,43.49451666666667,13.500647222222222,102.5,38.5975,126.87,0.68,14,1.145,1.072,8.74,4.992,1.0028,0.0432,0.3016,0.272,0.7471,False
2.9,43.49451111111111,13.500658333333334,102.7,0.0,,0.68,14,1.089,0.0,18.37,10.411,0.9775,0.0534,0.2319,0.2856,0.8057,False
3.0,43.494505555555556,13.500669444444444,102.7,38.2086,127.79,0.68,14,1.089,1.061,0.0,0.0,0.9989,0.0487,0.2626,0.3228,0.6963,False
3.1,43.4945,13.500680555555556,102.9,38.5753,130.04,0.68,14,1.089,1.072,18.37,10.411,1.0003,0.0707,0.2788,0.3057,0.7759,True
3.2,43.49449444444445,13.500688888888888,103.0,37.9364,130.44,0.68,14,0.913,1.054,10.95,6.251,0.9667,0.0906,0.2091,0.333,0.7114,True
3.3,43.49449444444445,13.500688888888888,,37.9364,130.44,,,0.0,1.054,,,,,,,,True
3.3,43.49448888888889,13.5007,103.2,0.0,,0.68,14,1.089,0.0,,,1.0241,0.0831,0.2827,0.3379,0.8174,True
3.4,43.494480555555555,13.50071111111111,103.3,37.9734,132.89,0.68,14,1.289,1.055,7.76,4.436,0.9793,0.0327,0.291,0.2681,0.7964,True
3.5,43.494475,13.500719444444444,103.4,38.5438,133.24,0.68,14,0.913,1.071,10.95,6.251,0.9716,0.0661,0.2481,0.3706,0.8237,True
3.6,43.49446944444445,13.500730555555556,103.5,38.0697,133.34,0.68,14,1.089,1.057,9.19,5.249,0.9558,0.0757,0.2674,0.3062,0.7744,True
3.7,43.494461111111114,13.50073888888889,103.6,38.3901,133.76,0.68,14,1.145,1.066,8.74,4.992,0.8559,0.1135,0.2501,0.7979,0.8135,False
3.8,43.494455555555554,13.500747222222222,103.8,0.0,,0.68,14,0.913,0.0,21.91,12.357,1.0604,-0.1142,0.2269,0.4302,0.7905,False
3.9,43.49444722222222,13.500758333333334,103.8,38.3457,135.95,0.68,14,1.289,1.065,0.0,0.0,1.0202,0.0599,0.2459,0.3955,1.2251,False
4.0,43.49444166666667,13.500766666666667,103.9,38.2605,136.81,0.68,14,0.913,1.063,10.95,6.251,1.0391,0.0036,0.2395,0.4702,0.9893,True
4.1,43.49443333333333,13.500775,104.1,37.8493,137.17,0.68,14,1.145,1.051,17.47,9.91,1.0021,-0.0162,0.303,0.5771,1.2056,True
4.2,43.49442777777778,13.500783333333333,104.2,38.4123,138.54,0.68,14,0.913,1.067,10.95,6.251,0.97,0.0905,0.332,0.4253,0.7822,True
4.3,43.49442777777778,13.500783333333333,,38.4123,138.54,,,0.0,1.067,,,,,,,,True
4.3,43.494419444444446,13.500791666666666,104.3,37.9679,137.8,0.68,14,1.145,0.0,,,0.9547,0.0068,0.2421,0.502,1.2476,True
4.4,43.49441388888889,13.500802777777778,104.5,37.3122,138.29,0.68,14,1.089,1.036,18.37,10.411,0.9249,0.065,0.1934,0.3677,0.7568,True
4.5,43.49440555555556,13.500811111111112,104.7,37.44,138.38,0.68,14,1.145,1.04,17.47,9.91,0.9799,0.0739,0.2603,0.3716,0.8936,True
4.6,43.4944,13.500819444444444,104.8,36.5677,139.27,0.68,14,0.913,1.016,10.95,6.251,0.9691,0.1145,0.2619,0.4058,0.916,False
4.7,43.494391666666665,13.500827777777777,105.0,0.0,,0.68,14,1.145,0.0,17.47,9.91,0.9848,0.1516,0.2585,0.439,0.6777,False
4.8,43.49438611111111,13.500836111111111,105.0,36.6066,140.23,0.68,14,0.913,1.017,0.0,0.0,0.9328,0.1698,0.2101,0.4453,0.667,False
4.9,43.49437777777778,13.500844444444445,105.4,35.6158,141.91,0.68,14,1.145,0.989,34.94,19.26,0.952,0.1578,0.2432,0.5498,0.8174,True
5.0,43.494372222222225,13.50085,105.4,36.2992,143.81,0.68,14,0.763,1.008,0.0,0.0,1.0339,0.0831,0.2638,0.2319,0.6992,True
5.1,43.49436388888889,13.500858333333333,105.6,36.1362,144.57,0.68,14,1.145,1.004,17.47,9.91,0.9742,0.0741,0.2467,0.3936,0.854,True
5.2,43.49435555555556,13.500866666666667,105.8,36.0233,146.0,0.68,14,1.145,1.001,17.47,9.91,0.9722,0.1582,0.2321,0.3804,0.7212,True
5.3,43.49435555555556,13.500866666666667,,36.0233,146.0,,,0.0,1.001,,,,,,,,True
5.3,43.494347222222224,13.500872222222222,105.8,35.7825,146.86,0.68,14,1.029,0.0,,,0.9688,0.0891,0.2481,0.4058,0.7793,True
5.4,43.49434166666667,13.500880555555556,105.9,36.2677,147.81,0.68,14,0.913,1.007,10.95,6.251,0.9978,0.0725,0.2632,0.2935,0.6689,True
5.5,43.49433333333334,13.500886111111111,106.0,36.0084,149.38,0.68,14,1.029,1.0,9.72,5.549,0.9915,0.083,0.2744,0.4287,0.8066,False
5.6,43.494325,13.500891666666666,106.1,0.0,,0.68,14,1.029,0.0,9.72,5.549,0.9765,0.0508,0.245,0.2622,0.7891,False
5.7,43.49431666666667,13.5009,106.1,35.7214,149.75,0.68,14,1.145,0.992,0.0,0.0,0.9518,0.097,0.2471,0.4238,0.8257,False
5.8,43.494308333333336,13.500905555555555,106.3,36.4196,150.7,0.68,14,1.029,1.012,19.43,10.996,0.941,0.0985,0.2465,0.376,0.6519,True
5.9,43.4943,13.500911111111112,106.4,36.5344,152.17,0.68,14,1.029,1.015,9.72,5.549,0.9623,0.0691,0.2687,0.3389,0.8057,True
6.0,43.49429166666667,13.500916666666667,106.5,36.6437,153.28,0.68,14,1.029,1.018,9.72,5.549,0.9902,0.0336,0.2901,0.2969,0.8574,True
6.1,43.49428611111111,13.500922222222222,106.6,36.7566,152.89,0.68,14,0.763,1.021,13.1,7.465,0.9666,0.0415,0.2402,0.3047,0.7949,False
6.2,43.494275,13.500927777777777,106.7,0.0,,0.68,14,1.314,0.0,7.61,4.351,0.9846,0.0435,0.2088,0.311,0.9209,False
6.3,43.49426666666667,13.500933333333334,106.8,36.9993,155.59,0.68,14,1.029,1.028,9.72,5.549,0.987,0.0654,0.2582,0.3281,0.8638,False
6.4,43.49426666666667,13.500933333333334,106.8,36.9993,155.59,0.68,14,0.0,1.028,,,,,,,,False
6.4,43.494258333333335,13.50093888888889,106.9,37.2789,155.64,0.68,14,1.029,0.0,9.72,5.549,0.9682,0.0574,0.2286,0.2544,0.8857,False
6.5,43.49425,13.500944444444444,107.0,0.0,,0.68,14,1.029,0.0,9.72,5.549,0.9558,0.0653,0.2674,0.2915,0.8062,False
6.6,43.49424166666667,13.50095,107.0,37.3734,156.3,0.68,14,1.029,1.038,0.0,0.0,1.0085,0.0206,0.2704,0.2627,0.8789,False
6.7,43.494233333333334,13.500955555555555,107.1,37.303,157.1,0.68,14,1.029,1.036,9.72,5.549,1.0009,0.0277,0.2771,0.3013,0.6816,True
6.8,43.494225,13.500961111111112,107.2,37.3771,158.27,0.68,14,1.029,1.038,9.72,5.549,1.0024,0.0593,0.2521,0.2524,0.7144,True
6.9,43.49421666666667,13.500963888888888,107.3,35.6306,159.64,0.68,14,0.953,0.99,10.49,5.988,0.9793,0.0596,0.2281,0.2764,0.8408,True
7.0,43.49420833333333,13.500969444444445,107.3,35.7362,160.66,0.68,14,1.029,0.993,0.0,0.0,0.9891,0.0382,0.2085,0.1904,0.5278,True
7.1,43.4942,13.500972222222222,107.5,35.7103,161.04,0.68,14,0.953,0.992,20.98,11.848,0.9758,0.0418,0.1867,0.1655,0.4028,True
7.2,43.494191666666666,13.500977777777777,107.5,35.6584,162.03,0.68,14,1.029,0.991,0.0,0.0,0.9786,0.0462,0.1687,0.1597,0.3032,True
7.3,43.494191666666666,13.500977777777777,,35.6584,162.03,,,0.0,0.991,,,,,,,,False
7.3,43.49418333333333,13.500980555555556,107.6,35.151,162.78,0.68,14,0.953,0.0,,,0.96,0.0606,0.1595,0.1406,0.2705,False
7.4,43.494172222222225,13.50098611111111,107.6,0.0,,0.68,14,1.314,0.0,0.0,0.0,0.992,0.0042,0.1855,0.126,0.3286,False
7.5,43.49416388888889,13.50098888888889,107.6,34.9732,163.12,0.68,14,0.953,0.971,0.0,0.0,0.9565,0.0343,0.1971,0.1099,0.3081,False
7.6,43.49415833333333,13.500991666666666,107.8,34.0379,164.35,0.68,14,0.657,0.945,30.44,16.928,0.9706,0.0346,0.2511,0.1118,0.4956,True
7.7,43.49415,13.500994444444444,107.9,34.4731,164.12,0.68,14,0.953,0.958,10.49,5.988,0.9559,0.0264,0.2709,0.1157,0.5234,True
7.8,43.49414166666667,13.500997222222223,108.1,33.7971,165.2,0.68,14,0.953,0.939,20.98,11.848,0.9601,0.0052,0.2746,0.0967,0.4028,True
7.9,43.49413333333334,13.501,108.2,34.0157,165.92,0.68,14,0.953,0.945,10.49,5.988,0.9637,0.014,0.334,0.0845,0.4565,True
8.0,43.494125000000004,13.501002777777778,108.3,33.9416,166.28,0.68,14,0.953,0.943,10.49,5.988,0.9671,0.0475,0.3052,0.1274,0.5371,True
8.1,43.49411666666667,13.501005555555556,108.4,33.8453,166.78,0.68,14,0.953,0.94,10.49,5.988,0.954,0.034,0.3204,0.1167,0.5029,True
8.2,43.49410833333334,13.501008333333333,108.6,33.8453,168.5,0.68,14,0.953,0.94,20.98,11.848,0.9754,-0.0153,0.338,0.1401,0.5503,True
8.3,43.49410833333334,13.501008333333333,,33.8453,168.5,,,0.0,0.94,,,,,,,,True
8.3,43.49409722222222,13.501011111111112,108.7,0.0,,0.68,14,1.256,0.0,,,0.947,0.0314,0.314,0.0938,0.5107,True
8.4,43.49409166666667,13.501013888888888,108.7,33.7583,169.14,0.68,14,0.657,0.938,0.0,0.0,0.9522,0.0275,0.3272,0.1289,0.6167,True
8.5,43.494083333333336,13.501016666666667,109.0,33.2804,169.56,0.68,14,0.953,0.924,31.47,17.468,0.9359,0.0281,0.3068,0.2383,0.5,True
8.6,43.494075,13.501019444444445,109.1,33.1915,169.63,0.68,14,0.953,0.922,10.49,5.988,0.9552,-0.01,0.3367,0.1011,0.4551,True
8.7,43.49406666666667,13.501022222222222,109.2,33.1434,170.15,0.68,14,0.953,0.921,10.49,5.988,0.9572,-0.0396,0.3295,0.1426,0.4702,True
8.8,43.494058333333335,13.501022222222222,109.3,33.7768,171.26,0.68,14,0.927,0.938,10.79,6.159,0.9329,-0.0235,0.3145,0.1172,0.4224,True
8.9,43.49404722222222,13.501025,109.4,34.3898,171.48,0.68,14,1.256,0.955,7.96,4.553,0.9409,-0.0084,0.3354,0.105,0.564,True
9.0,43.49403888888889,13.501027777777777,109.6,34.4842,171.02,0.68,14,0.953,0.958,20.98,11.848,0.9616,-0.0636,0.3349,0.1777,0.563,True
9.2,43.494030555555554,13.501027777777777,,34.5324,172.32,,,0.927,1.918,,,,,,,,False
9.3,43.49402222222222,13.501030555555555,109.8,0.0,,0.68,14,0.953,0.0,,,0.9693,-0.0443,0.3327,0.1689,0.4551,False
9.3,43.49401388888889,13.501033333333334,109.8,34.8824,172.26,0.68,14,0.953,0.0,0.0,0.0,0.9387,-0.0522,0.3468,0.1655,0.5059,False
9.4,43.49401388888889,13.501033333333334,109.8,34.8824,172.26,0.68,14,0.0,0.969,,,,,,,,False
9.4,43.49400555555555,13.501033333333334,110.0,34.9435,171.64,0.68,14,0.927,0.0,21.58,12.18,0.9268,-0.022,0.3467,0.1118,0.5,False
9.6,43.49399722222223,13.50103611111111,110.2,35.3065,172.36,0.68,14,0.953,1.961,20.98,11.848,0.9266,-0.0303,0.3065,0.1543,0.4985,True
9.7,43.49398611111111,13.501038888888889,110.3,35.3639,173.01,0.68,15,1.256,0.982,7.96,4.553,0.9419,-0.0191,0.3295,0.1299,0.4839,True
9.8,43.49397777777778,13.501038888888889,110.4,35.6566,172.56,0.68,15,0.927,0.99,10.79,6.159,0.9463,-0.0364,0.3183,0.1094,0.4551,True
9.9,43.493969444444446,13.501041666666667,,36.0566,172.93,,,0.953,1.002,,,,,,,,True
10.0,43.49396111111111,13.501044444444444,110.6,35.6325,172.44,0.7,14,0.953,0.99,,,0.9384,-0.048,0.342,0.1387,0.4624,True
10.0,43.49395,13.501044444444444,110.7,35.9621,173.13,0.7,14,1.235,0.0,8.09,4.627,0.9423,-0.0677,0.3308,0.166,0.4741,True
10.1,43.493941666666665,13.501047222222223,110.8,0.0,,0.7,14,0.953,0.0,10.49,5.988,0.9283,-0.0373,0.3344,0.1284,0.4844,False
10.2,43.49393333333333,13.501047222222223,110.8,36.4807,173.35,0.7,14,0.927,1.013,0.0,0.0,0.9493,-0.0518,0.3213,0.1938,0.5684,False
10.3,43.49393333333333,13.501047222222223,,36.4807,173.35,,,0.0,1.013,,,,,,,,True
10.3,43.493925000000004,13.50105,111.0,36.8289,173.23,0.7,14,0.953,0.0,,,0.9306,-0.0052,0.2955,0.0962,0.5034,True
10.4,43.49391388888889,13.50105,111.1,36.9826,172.56,0.7,14,1.235,1.027,8.09,4.627,0.9553,-0.0403,0.3337,0.1904,0.4863,True
10.6,43.49390555555556,13.501052777777778,,36.5214,172.87,,,0.953,2.029,,,,,,,,True
10.7,43.49389722222222,13.501055555555556,111.4,36.9326,173.02,0.68,15,0.953,1.026,,,0.9372,-0.0416,0.3433,0.1343,0.4326,True
10.7,43.49388611111111,13.501055555555556,111.4,37.0622,172.59,0.68,15,1.235,0.0,0.0,0.0,0.9109,-0.0094,0.3167,0.0898,0.4312,True
10.8,43.493877777777776,13.501058333333333,111.5,37.4123,173.07,0.68,15,0.953,1.039,10.49,5.988,0.9462,-0.0463,0.3189,0.2275,0.439,False
10.9,43.49386666666667,13.501061111111111,111.7,37.5456,173.08,0.68,15,1.256,1.043,15.93,9.05,0.9514,-0.0127,0.3242,0.1851,0.5127,False
11.0,43.493858333333336,13.501061111111111,111.7,0.0,,0.68,15,0.927,0.0,0.0,0.0,0.9389,-0.0053,0.3211,0.1978,0.498,False
11.1,43.49385,13.501063888888888,111.7,37.8549,172.89,0.68,15,0.953,1.052,0.0,0.0,0.9325,-0.0108,0.3424,0.2358,0.8545,False
11.2,43.49383888888889,13.501066666666667,111.9,38.0456,172.61,0.68,15,1.256,1.057,15.93,9.05,0.9298,0.0311,0.3329,0.2104,0.7271,True
11.3,43.49383888888889,13.501066666666667,,38.0456,172.61,,,0.0,1.057,,,,,,,,True
11.3,43.493830555555554,13.501066666666667,112.0,38.5809,173.14,0.68,15,0.927,0.0,,,0.9587,-0.0022,0.2972,0.1904,0.6602,True
11.4,43.49381944444445,13.501069444444445,112.1,38.855,173.49,0.68,15,1.256,1.079,7.96,4.553,0.9465,0.0417,0.3299,0.1338,0.5083,True
11.5,43.493811111111114,13.501072222222222,112.2,38.9272,173.32,0.68,15,0.953,1.081,10.49,5.988,0.9431,0.0249,0.3328,0.1338,0.5298,True
11.6,43.4938,13.501072222222222,112.3,39.0402,174.0,0.68,14,1.235,1.084,8.09,4.627,0.9224,0.0189,0.3414,0.1372,0.522,True
11.7,43.493788888888886,13.501075,112.4,39.4346,173.96,0.68,14,1.256,1.095,7.96,4.553,0.9461,-0.0426,0.3155,0.1846,0.5112,True
11.8,43.49378055555556,13.501075,112.5,39.718,174.42,0.68,14,0.927,1.103,10.79,6.159,0.9394,-0.0074,0.2948,0.1362,0.4956,False
11.9,43.493769444444446,13.501077777777779,112.6,0.0,,0.68,14,1.256,0.0,7.96,4.553,0.9446,-0.0306,0.3137,0.1396,0.4399,False
12.0,43.49376111111111,13.501077777777779,112.6,39.7736,173.77,0.68,14,0.927,1.105,0.0,0.0,0.9644,-0.0287,0.332,0.1602,0.5234,False
12.1,43.49375,13.501080555555555,112.8,39.9458,173.72,0.68,14,1.256,1.11,15.93,9.05,0.9434,-0.0346,0.3311,0.1299,0.4927,True
12.2,43.49373888888889,13.501083333333334,112.9,40.5718,173.4,0.68,14,1.256,1.127,7.96,4.553,0.9375,-0.0688,0.3231,0.2241,0.4722,True
12.3,43.49373888888889,13.501083333333334,,40.5718,173.4,,,0.0,1.127,,,,,,,,False
12.3,43.49373055555556,13.501083333333334,113.0,40.6736,173.83,0.68,14,0.927,0.0,,,0.924,-0.0315,0.3313,0.1211,0.521,False
12.4,43.493719444444444,13.50108611111111,113.1,41.0088,173.42,0.68,14,1.256,1.139,7.96,4.553,0.9412,-0.0793,0.3067,0.1631,0.4673,True
12.5,43.49370833333334,13.501088888888889,113.2,40.8736,173.25,0.68,14,1.256,1.135,7.96,4.553,0.9491,-0.0839,0.3207,0.1997,0.4219,True
12.6,43.493700000000004,13.501088888888889,113.3,41.4867,172.49,0.68,14,0.927,1.152,10.79,6.159,0.9324,-0.0672,0.3085,0.1523,0.4399,True
12.7,43.49368888888889,13.501091666666667,113.4,41.8052,172.66,0.68,14,1.256,1.161,7.96,4.553,0.9615,-0.1236,0.3324,0.2246,0.499,False
12.9,43.49366666666667,13.501094444444444,113.5,41.6959,172.58,0.68,15,2.481,2.316,4.03,2.308,0.9502,-0.0898,0.3212,0.1724,0.4805,True
13.0,43.493658333333336,13.501097222222223,113.7,41.8682,171.85,0.68,14,0.953,1.163,20.98,11.848,0.9488,-0.0919,0.3286,0.2046,0.4619,True
13.1,43.49364722222222,13.5011,113.8,42.7682,170.94,0.68,14,1.256,1.188,7.96,4.553,0.9313,-0.0547,0.3079,0.145,0.4688,True
13.2,43.493636111111115,13.501102777777778,113.9,42.6219,170.17,0.68,14,1.256,1.184,7.96,4.553,0.9427,-0.1008,0.3267,0.1646,0.4561,True
13.3,43.493636111111115,13.501102777777778,,42.6219,170.17,,,0.0,1.184,,,,,,,,True
13.3,43.493625,13.501105555555556,114.0,42.8034,170.62,0.68,14,1.256,0.0,,,0.9344,-0.0786,0.3076,0.1768,0.4365,True
13.4,43.49361388888889,13.501108333333333,114.1,43.222,169.33,0.68,14,1.256,1.201,7.96,4.553,0.9216,-0.0663,0.3099,0.127,0.4048,True
13.5,43.49360277777778,13.501111111111111,114.2,43.3646,169.44,0.68,14,1.256,1.205,7.96,4.553,0.9465,-0.0968,0.3168,0.167,0.3833,True
13.6,43.49359166666667,13.50111388888889,114.3,43.2238,169.06,0.68,14,1.256,1.201,7.96,4.553,0.9279,-0.0488,0.3083,0.186,0.4365,False
13.7,43.49358055555555,13.501116666666666,114.3,0.0,,0.68,14,1.256,0.0,0.0,0.0,0.9693,-0.1193,0.326,0.2202,0.4912,False
13.8,43.49356944444445,13.501119444444445,114.3,43.6683,168.11,0.68,14,1.256,1.213,0.0,0.0,0.9135,-0.0599,0.3171,0.1973,0.437,False
13.9,43.49355833333333,13.501125,114.5,44.311,167.64,0.68,14,1.314,1.231,15.22,8.653,0.929,-0.0575,0.3104,0.2573,0.6221,True
14.0,43.493547222222226,13.501127777777779,114.6,44.5591,167.22,0.68,14,1.256,1.238,7.96,4.553,0.9462,-0.0842,0.313,0.2295,0.6035,True
14.1,43.49353611111111,13.501130555555555,114.7,45.0258,167.19,0.68,14,1.256,1.251,7.96,4.553,0.9533,-0.0728,0.3043,0.2349,0.6079,True
14.2,43.493525,13.501133333333334,114.7,45.1684,166.9,0.68,14,1.256,1.255,0.0,0.0,0.9668,-0.0659,0.3182,0.2178,0.5479,True
14.3,43.493525,13.501133333333334,,45.1684,166.9,,,0.0,1.255,,,,,,,,True
14.3,43.49351388888889,13.501138888888889,114.8,45.624,166.34,0.68,14,1.314,0.0,,,0.9462,-0.1007,0.348,0.1987,0.4434,True
14.4,43.49350277777778,13.501141666666667,114.9,45.6611,165.76,0.68,14,1.256,1.268,7.96,4.553,0.9513,-0.1195,0.3319,0.2686,0.4111,True
14.5,43.49349166666667,13.501147222222222,114.9,45.9074,165.0,0.68,14,1.314,1.275,0.0,0.0,0.9044,-0.0694,0.3075,0.209,0.46,False
14.6,43.49348055555556,13.50115,115.0,0.0,,0.68,14,1.256,0.0,7.96,4.553,0.9432,-0.1152,0.3267,0.2495,0.4375,False
14.7,43.49346944444444,13.501155555555556,115.0,46.1815,165.24,0.68,14,1.314,1.283,0.0,0.0,0.9353,-0.0751,0.3026,0.1841,0.4487,False
14.8,43.493458333333336,13.501158333333333,115.2,46.7482,164.98,0.68,14,1.256,1.299,15.93,9.05,0.953,-0.0724,0.3196,0.1821,0.5142,True
14.9,43.49344722222222,13.50116388888889,115.2,46.3704,163.71,0.68,14,1.314,1.288,0.0,0.0,0.9447,-0.1043,0.309,0.2144,0.4258,True
15.0,43.49343611111111,13.501166666666666,115.3,46.7982,163.32,0.68,14,1.256,1.3,7.96,4.553,0.9528,-0.0902,0.3039,0.1958,0.4692,True
15.2,43.49342222222222,13.501172222222221,115.4,47.6149,163.09,0.68,14,1.608,2.645,6.22,3.558,0.9488,-0.0927,0.2964,0.1904,0.4277,True
15.3,43.4934,13.501183333333334,115.4,48.1372,162.65,0.68,14,2.629,1.337,0.0,0.0,0.9328,-0.0485,0.3148,0.1763,0.5342,True
15.4,43.4934,13.501183333333334,115.4,48.1372,162.65,0.68,14,0.0,1.337,,,,,,,,False
15.4,43.49338888888889,13.501188888888889,115.5,48.515,161.32,0.68,14,1.314,0.0,7.61,4.351,0.9762,-0.0608,0.265,0.2329,0.604,False
15.5,43.493375,13.501194444444444,115.5,0.0,,0.68,14,1.608,0.0,0.0,0.0,0.9374,-0.0522,0.2944,0.2266,0.5181,False
15.6,43.49336388888889,13.5012,115.5,48.915,160.69,0.68,14,1.314,1.359,0.0,0.0,0.9568,-0.1215,0.3171,0.25,0.5576,False
15.7,43.49335277777778,13.501205555555556,115.6,49.3206,160.18,0.68,14,1.314,1.37,7.61,4.351,0.9104,-0.0511,0.2714,0.4907,0.6123,True
15.8,43.493341666666666,13.501211111111111,115.6,49.2262,159.71,0.68,14,1.314,1.367,0.0,0.0,0.9084,-0.0207,0.2628,0.3223,0.7397,True
15.9,43.49332777777778,13.501216666666666,115.7,49.2113,159.32,0.68,14,1.608,1.367,6.22,3.558,0.9956,-0.0165,0.2774,0.251,0.5508,True
16.0,43.493316666666665,13.501222222222221,115.7,48.2427,159.45,0.68,14,1.314,1.34,0.0,0.0,0.9618,-0.0001,0.2276,0.2959,0.665,True
16.1,43.49330555555556,13.501227777777778,115.8,48.3242,159.12,0.68,14,1.314,1.342,7.61,4.351,0.963,0.0344,0.2977,0.3291,0.8022,True
16.3,43.49328333333334,13.501238888888889,115.8,47.6557,158.8,0.68,14,2.629,2.648,0.0,0.0,0.9503,-0.0688,0.2374,0.2593,0.6113,True
16.4,43.49328333333334,13.501238888888889,115.8,47.6557,158.8,0.68,14,0.0,1.324,,,,,,,,True
16.5,43.49326111111111,13.50125,115.9,47.6797,159.61,0.68,14,2.629,1.324,3.8,2.179,0.9551,-0.0487,0.2248,0.2065,0.5376,False
16.6,43.49325,13.501258333333332,116.0,0.0,,0.68,14,1.407,0.0,7.11,4.067,0.9171,-0.022,0.2958,0.2524,0.5806,False
16.7,43.49323888888889,13.50126388888889,116.1,48.9465,158.18,0.68,14,1.314,1.36,7.61,4.351,0.8911,-0.0111,0.2288,0.1855,0.3579,False
16.8,43.493225,13.501269444444445,116.2,0.0,,0.68,14,1.608,0.0,6.22,3.558,0.9324,0.0006,0.2059,0.0869,0.3857,False
16.9,43.49321388888889,13.501277777777778,116.2,50.1225,158.53,0.68,14,1.407,1.392,0.0,0.0,0.9871,-0.0436,0.2271,0.1836,0.356,False
17.0,43.49320277777778,13.501283333333333,116.3,50.5096,158.85,0.68,14,1.314,1.403,7.61,4.351,1.0047,-0.0442,0.2349,0.1924,0.3828,False
17.1,43.49319166666667,13.501288888888888,116.3,0.0,,0.68,14,1.314,0.0,0.0,0.0,0.9994,-0.0706,0.2569,0.3071,0.5015,False
17.2,43.49317777777778,13.501294444444444,116.4,50.843,158.41,0.68,14,1.608,1.412,6.22,3.558,0.987,-0.0463,0.2334,0.3779,0.5977,False
17.3,43.49317777777778,13.501294444444444,,50.843,158.41,,,0.0,1.412,,,,,,,,True
17.3,43.49316666666667,13.501302777777777,116.4,0.0,,0.68,14,1.407,0.0,,,1.0318,-0.0681,0.2703,0.2656,0.6406,True
17.4,43.49315555555555,13.501308333333334,116.4,50.6429,158.78,0.68,14,1.314,1.407,0.0,0.0,1.0274,-0.106,0.2476,0.5278,0.8755,True
17.5,43.493141666666666,13.50131388888889,116.5,51.1226,158.96,0.68,14,1.608,1.42,6.22,3.558,0.9927,-0.0202,0.2516,0.3213,0.6548,False
17.6,43.49313055555556,13.501319444444444,116.5,0.0,,0.68,14,1.314,0.0,0.0,0.0,0.9266,-0.0079,0.2921,0.2173,0.5444,False
17.7,43.493116666666666,13.501327777777778,116.5,51.0189,159.43,0.68,14,1.684,1.417,0.0,0.0,0.9342,-0.0357,0.1915,0.1577,0.3726,False
17.8,43.49310555555556,13.501333333333333,116.5,51.43,159.21,0.68,14,1.314,1.429,0.0,0.0,0.9386,-0.0499,0.1824,0.1948,0.5381,True
17.9,43.493091666666665,13.501338888888888,116.4,51.0541,159.0,0.68,14,1.608,1.418,-6.22,-3.558,0.9777,-0.0526,0.1857,0.1812,0.2866,True
18.0,43.49308055555556,13.501347222222222,116.4,51.5041,158.38,0.68,14,1.407,1.431,0.0,0.0,1.006,-0.0584,0.2033,0.2192,0.4233,True
18.1,43.493069444444444,13.501352777777777,116.5,51.7578,158.13,0.68,14,1.314,1.438,7.61,4.351,0.9998,-0.0472,0.1937,0.1675,0.3452,True
18.3,43.49304444444444,13.501366666666666,116.5,52.0875,158.79,0.68,14,2.997,2.894,0.0,0.0,0.9986,-0.0392,0.185,0.1562,0.4546,True
18.4,43.49304444444444,13.501366666666666,116.5,52.0875,158.79,0.68,14,0.0,1.447,,,,,,,,True
18.4,43.493030555555556,13.501372222222223,116.5,52.3023,158.59,0.68,14,1.608,0.0,0.0,0.0,0.9637,-0.0054,0.2253,0.145,0.4326,True
18.5,43.49301944444444,13.501377777777778,116.6,51.5523,158.22,0.68,14,1.314,1.432,7.61,4.351,1.0069,-0.0569,0.2034,0.4297,0.6816,True
18.6,43.493008333333336,13.501386111111112,116.7,50.9689,158.36,0.68,14,1.407,1.416,7.11,4.067,0.9367,0.0037,0.1493,0.3687,0.4727,True
18.7,43.49299444444445,13.501391666666667,116.8,50.9893,158.36,0.68,14,1.608,1.416,6.22,3.558,0.9814,-0.0444,0.2174,0.2983,0.7441,True
18.8,43.492983333333335,13.501397222222222,116.9,51.0022,158.5,0.68,14,1.314,1.417,7.61,4.351,0.9849,-0.022,0.1108,0.4287,1.1177,True
18.9,43.49297222222222,13.501405555555555,117.0,51.556,158.47,0.68,14,1.407,1.432,7.11,4.067,0.9945,-0.0332,0.2638,0.3965,0.957,False
19.0,43.492958333333334,13.50141111111111,117.0,50.78,158.41,0.68,14,1.608,1.411,0.0,0.0,0.9611,-0.0404,0.1684,0.1738,0.3169,False
19.2,43.49293611111111,13.501422222222223,117.0,50.7337,158.54,0.68,14,2.629,2.819,0.0,0.0,1.0283,-0.0068,0.156,0.2734,0.3394,False
19.3,43.49293611111111,13.501422222222223,,50.7337,158.54,,,0.0,1.409,,,,,,,,True
19.3,43.49292222222223,13.501430555555556,117.0,50.1911,158.55,0.68,14,1.684,0.0,,,1.0214,-0.0491,0.1426,0.2148,0.3789,True
19.4,43.49291111111111,13.501436111111111,117.0,50.6226,158.79,0.68,14,1.314,1.406,0.0,0.0,1.0142,-0.0384,0.2026,0.2798,0.6006,True
19.5,43.4929,13.501441666666667,117.0,50.6374,158.41,0.68,14,1.314,1.407,0.0,0.0,0.9835,-0.0466,0.1578,0.2246,0.3931,True
19.6,43.49288611111111,13.501447222222222,117.0,50.9893,158.57,0.68,14,1.608,1.416,0.0,0.0,0.9647,0.0107,0.1575,0.2935,0.4893,True
19.7,43.492875,13.501455555555555,117.0,50.7115,158.61,0.68,14,1.407,1.409,0.0,0.0,0.9849,-0.0256,0.1386,0.229,0.335,False
19.8,43.49286388888889,13.50146111111111,117.0,0.0,,0.73,13,1.314,0.0,0.0,0.0,1.0169,-0.0324,0.1376,0.3013,0.3623,False
19.9,43.492850000000004,13.501466666666667,117.0,50.2485,158.91,0.73,13,1.608,1.396,0.0,0.0,1.0016,-0.0373,0.1741,0.2651,0.4019,False
20.0,43.49283888888889,13.501472222222223,117.0,50.0003,158.73,0.73,13,1.314,1.389,0.0,0.0,1.0103,-0.0528,0.1643,0.249,0.5884,True
20.1,43.49282777777778,13.501480555555556,117.0,50.0003,158.73,0.73,13,1.407,1.389,0.0,0.0,0.9882,-0.0912,0.1339,0.3711,0.7393,True
20.2,43.49281388888889,13.501486111111111,117.0,49.2132,159.31,0.73,13,1.608,1.367,0.0,0.0,0.9639,-0.0073,0.1637,0.3257,0.4639,True
20.3,43.49281388888889,13.501486111111111,,49.2132,159.31,,,0.0,1.367,,,,,,,,False
20.3,43.492802777777776,13.501491666666666,117.0,0.0,,0.73,13,1.314,0.0,,,0.9893,-0.083,0.1692,0.3511,0.5854,False
20.4,43.49279166666667,13.501497222222222,117.0,48.978,159.28,0.73,13,1.314,1.36,0.0,0.0,0.9392,-0.0188,0.1563,0.2051,0.4497,False
20.5,43.492780555555555,13.501502777777779,117.1,48.1261,159.39,0.73,13,1.314,1.337,7.61,4.351,0.974,-0.0763,0.1685,0.3335,0.3984,True
20.6,43.49276944444445,13.501508333333334,117.1,48.3502,159.61,0.73,13,1.314,1.343,0.0,0.0,1.004,-0.0366,0.0917,0.3018,0.5894,True
20.7,43.492758333333335,13.501513888888889,117.1,47.7594,159.79,0.73,13,1.314,1.327,0.0,0.0,0.9887,-0.0273,0.149,0.3955,0.8589,True
20.8,43.49274444444445,13.501519444444444,117.1,48.2224,159.03,0.73,13,1.608,1.34,0.0,0.0,1.0394,-0.0917,0.1844,0.3325,0.7988,True
20.9,43.492733333333334,13.501525,117.1,47.3519,159.98,0.75,12,1.314,1.315,0.0,0.0,0.9715,-0.018,0.172,0.2554,0.4443,True
21.0,43.49272222222222,13.501530555555556,117.1,47.3519,159.98,0.75,12,1.314,1.315,0.0,0.0,0.9956,-0.1184,0.1787,0.4014,0.4912,False
21.2,43.4927,13.501541666666666,117.2,47.1816,159.95,0.7,13,2.629,2.621,3.8,2.179,1.015,-0.0834,0.1883,0.3901,0.6431,True
21.3,43.49268888888889,13.501547222222221,117.2,47.1427,159.57,0.7,13,1.314,1.31,0.0,0.0,0.9609,-0.0559,0.1451,0.3486,0.5083,True
21.4,43.49268888888889,13.501547222222221,117.2,47.1427,159.57,0.7,13,0.0,1.31,,,,,,,,False
21.4,43.49267777777778,13.501552777777778,117.3,0.0,,0.7,13,1.314,0.0,7.61,4.351,0.9917,-0.0547,0.1798,0.2163,0.5186,False
21.5,43.492666666666665,13.501558333333334,117.3,46.4019,159.53,0.7,13,1.314,1.289,0.0,0.0,0.9761,-0.0541,0.1471,0.3242,0.4951,False
21.6,43.49265555555556,13.501563888888889,117.3,0.0,,0.7,13,1.314,0.0,0.0,0.0,0.9951,-0.0232,0.1332,0.2739,0.7046,False
21.7,43.492644444444444,13.501569444444444,117.4,45.5777,160.11,0.75,12,1.314,1.266,7.61,4.351,0.9842,-0.0662,0.1762,0.1577,0.4385,False
21.8,43.49263333333334,13.501575,117.4,0.0,,0.75,12,1.314,0.0,0.0,0.0,0.9904,-0.0432,0.1667,0.3086,0.5181,False
21.9,43.492622222222224,13.501580555555556,117.4,45.124,160.12,0.75,12,1.314,1.253,0.0,0.0,0.9762,-0.0549,0.1411,0.2456,0.3916,False
22.0,43.49261388888889,13.501586111111111,117.6,45.0684,160.7,0.75,12,1.029,1.252,19.43,10.996,0.9952,-0.0485,0.144,0.2988,0.7202,True
22.1,43.492602777777776,13.501591666666666,117.6,45.0184,159.95,0.75,12,1.314,1.251,0.0,0.0,1.0041,-0.0881,0.1714,0.2773,0.6406,True
22.2,43.49259166666667,13.501597222222221,117.6,45.0129,160.54,0.75,12,1.314,1.25,0.0,0.0,0.9652,-0.0941,0.1669,0.2109,0.3413,True
22.3,43.49259166666667,13.501597222222221,,45.0129,160.54,,,0.0,1.25,,,,,,,,True
22.3,43.492580555555556,13.501602777777778,117.7,44.824,160.59,0.75,12,1.314,0.0,,,0.9721,-0.0675,0.1648,0.1748,0.3164,True
22.4,43.49256944444445,13.501605555555555,117.8,44.2202,160.03,0.73,13,1.256,1.228,7.96,4.553,0.9808,-0.0595,0.1609,0.1948,0.2563,True
22.5,43.492558333333335,13.501611111111112,117.8,44.2295,160.38,0.73,13,1.314,1.229,0.0,0.0,1.0166,-0.0866,0.1832,0.1885,0.2969,True
22.6,43.49254722222222,13.501616666666667,117.8,43.5942,160.42,0.73,13,1.314,1.211,0.0,0.0,1.0204,-0.0461,0.2074,0.1704,0.2876,True
22.8,43.49252777777778,13.501627777777777,117.8,43.4183,160.8,0.73,13,2.341,2.412,0.0,0.0,0.9776,-0.0641,0.2285,0.1426,0.3457,True
22.9,43.49251666666667,13.501630555555556,117.8,43.4609,161.58,0.73,13,1.256,1.207,0.0,0.0,0.9725,-0.0514,0.2119,0.1533,0.332,True
23.0,43.49250555555555,13.501636111111111,117.8,43.6127,162.16,0.73,13,1.314,1.211,0.0,0.0,0.9545,-0.0458,0.1927,0.1338,0.3247,True
23.1,43.492494444444446,13.501641666666666,117.9,43.3887,161.91,0.73,13,1.314,1.205,7.61,4.351,0.9741,-0.0473,0.2003,0.1543,0.3032,False
23.2,43.49248611111111,13.501644444444445,117.9,0.0,,0.73,13,0.953,0.0,0.0,0.0,0.9685,0.0144,0.1898,0.1094,0.291,False
23.3,43.492475,13.50165,118.0,43.559,161.09,0.73,13,1.314,1.21,7.61,4.351,0.9699,-0.0234,0.2041,0.1016,0.311,False
23.4,43.492475,13.50165,118.0,43.559,161.09,0.73,13,0.0,1.21,,,,,,,,True
23.4,43.49246388888889,13.501655555555555,118.0,0.0,,0.73,13,1.314,0.0,0.0,0.0,0.9372,0.0134,0.2109,0.1743,0.3633,True
23.5,43.49245277777778,13.501658333333333,118.0,43.0886,161.51,0.73,13,1.256,1.197,0.0,0.0,1.0703,-0.0074,0.161,0.1968,0.2852,True
23.6,43.492441666666664,13.501663888888888,118.1,43.172,161.91,0.82,12,1.314,1.199,7.61,4.351,0.9921,-0.0022,0.1461,0.168,0.3115,True
23.7,43.49243333333333,13.501669444444444,118.1,43.172,161.91,0.82,12,1.029,1.199,0.0,0.0,1.042,-0.0118,0.2089,0.1846,0.5981,True
23.8,43.492422222222224,13.501672222222222,118.2,43.046,162.97,0.82,12,1.256,1.196,7.96,4.553,0.9675,-0.0137,0.2401,0.1572,0.5181,True
23.9,43.49241111111111,13.501677777777777,118.2,42.4775,163.17,0.82,12,1.314,1.18,0.0,0.0,0.9532,-0.0171,0.1818,0.1318,0.4365,True
24.0,43.4924,13.501680555555556,118.3,42.7201,163.36,0.82,12,1.256,1.187,7.96,4.553,0.9345,-0.0002,0.1365,0.1074,0.2739,False
24.1,43.49239166666667,13.50168611111111,118.3,0.0,,0.82,12,1.029,0.0,0.0,0.0,0.9438,-0.0432,0.1338,0.1284,0.2651,False
24.2,43.492380555555556,13.50168888888889,118.4,42.1552,164.49,0.82,12,1.256,1.171,7.96,4.553,0.979,-0.0194,0.1808,0.0894,0.3247,False
24.3,43.49236944444444,13.501691666666666,118.4,42.2978,164.58,0.82,12,1.256,1.175,0.0,0.0,0.9924,-0.0313,0.1563,0.085,0.2432,True
24.4,43.49236944444444,13.501691666666666,118.4,42.2978,164.58,0.82,12,0.0,1.175,,,,,,,,False
24.4,43.49236111111111,13.501697222222223,118.4,41.7422,164.59,0.82,12,1.029,0.0,0.0,0.0,1.0038,-0.0576,0.1592,0.1367,0.2661,False
24.5,43.49235,13.5017,118.5,42.0404,164.54,0.82,12,1.256,1.168,7.96,4.553,0.9868,0.0037,0.1389,0.0771,0.2295,False
24.6,43.49233888888889,13.501702777777778,118.5,42.0404,164.54,0.82,12,1.256,1.168,0.0,0.0,0.9864,-0.0108,0.1573,0.105,0.2847,True
24.7,43.49232777777778,13.501708333333333,118.6,41.207,165.71,0.82,12,1.314,1.145,7.61,4.351,0.987,0.0119,0.1603,0.1064,0.2549,True
24.8,43.49231944444445,13.501711111111112,118.6,40.831,165.52,0.82,12,0.953,1.134,0.0,0.0,0.966,-0.0349,0.154,0.1084,0.2427,True
24.9,43.492308333333334,13.501713888888888,118.7,40.5366,165.43,0.82,12,1.256,1.126,7.96,4.553,0.985,-0.0237,0.1588,0.1079,0.2393,True
25.0,43.4923,13.501716666666667,118.7,40.2236,166.98,0.82,12,0.953,1.117,0.0,0.0,0.9767,-0.0019,0.1265,0.061,0.2705,True
25.1,43.492288888888886,13.501719444444445,118.8,40.1421,166.42,0.85,11,1.256,1.115,7.96,4.553,1.0012,-0.0499,0.1186,0.1528,0.2188,True
25.2,43.49228055555556,13.501722222222222,118.8,39.8087,166.37,0.85,11,0.953,1.106,0.0,0.0,0.9928,-0.0234,0.1353,0.1011,0.2217,True
25.3,43.492269444444446,13.501727777777777,118.8,39.6884,166.25,0.85,11,1.314,1.102,0.0,0.0,0.9898,-0.034,0.1232,0.1074,0.2388,True
25.4,43.492269444444446,13.501727777777777,118.8,39.6884,166.25,0.85,11,0.0,1.102,,,,,,,,True
25.4,43.49225833333333,13.501730555555556,118.9,39.755,166.51,0.85,11,1.256,0.0,7.96,4.553,1.0032,-0.0073,0.0743,0.1157,0.1768,True
25.5,43.49225,13.501733333333334,118.9,39.5624,166.91,0.85,11,0.953,1.099,0.0,0.0,1.0027,-0.0409,0.0407,0.1392,0.186,True
25.6,43.49223888888889,13.50173611111111,118.9,39.1883,167.93,0.85,11,1.256,1.089,0.0,0.0,1.0146,-0.0189,0.0034,0.1572,0.1543,True
25.7,43.49223055555556,13.50173888888889,119.0,39.268,168.39,0.85,11,0.953,1.091,10.49,5.988,1.0505,-0.0516,0.0165,0.207,0.1182,True
25.8,43.492219444444444,13.501741666666666,119.0,38.6661,169.06,0.85,11,1.256,1.074,0.0,0.0,1.0392,-0.0204,-0.0085,0.1221,0.1802,True
25.9,43.49221111111111,13.501744444444444,119.0,38.1605,169.17,0.88,10,0.953,1.06,0.0,0.0,1.0145,-0.0292,0.0116,0.125,0.1816,True
26.0,43.49220277777778,13.501744444444444,119.0,37.6345,169.38,0.88,10,0.927,1.045,0.0,0.0,1.0164,-0.046,0.0028,0.1304,0.1792,True
26.1,43.49219166666667,13.501747222222223,119.0,37.1604,169.96,0.88,10,1.256,1.032,0.0,0.0,1.011,-0.0499,-0.0094,0.1035,0.1006,True
26.2,43.49218333333334,13.50175,119.1,35.6566,169.89,0.88,10,0.953,0.99,10.49,5.988,1.0635,-0.0566,-0.038,0.1191,0.104,True
26.3,43.492175,13.501752777777778,119.2,33.9194,170.4,0.88,10,0.953,0.942,10.49,5.988,1.0235,-0.0412,-0.012,0.1123,0.1582,True
26.4,43.492175,13.501752777777778,119.2,33.9194,170.4,0.88,10,0.0,0.942,,,,,,,,True
26.4,43.49216666666667,13.501755555555556,119.2,33.0156,169.64,0.88,10,0.953,0.0,0.0,0.0,0.9668,-0.01,-0.0065,0.0918,0.0864,True
26.5,43.492158333333336,13.501755555555556,119.3,31.5988,169.89,0.88,10,0.927,0.878,10.79,6.159,0.9807,-0.0739,0.0153,0.123,0.0737,True
26.6,43.492152777777775,13.501758333333333,119.4,30.495,170.24,0.88,10,0.657,0.847,15.22,8.653,1.0258,-0.03,-0.0277,0.082,0.104,True
26.7,43.49214444444445,13.501761111111112,119.5,30.1913,169.98,0.88,10,0.953,0.839,10.49,5.988,1.0498,-0.0441,-0.0733,0.1074,0.1426,True
26.8,43.492136111111115,13.501761111111112,119.5,28.7208,171.21,0.88,10,0.927,0.798,0.0,0.0,1.0205,-0.058,-0.0551,0.1025,0.1304,True
26.9,43.492130555555555,13.501763888888888,119.6,27.1355,172.3,0.88,10,0.657,0.754,15.22,8.653,1.0113,-0.0496,-0.0337,0.1108,0.0903,True
27.0,43.49212222222222,13.501763888888888,119.6,26.0447,172.67,0.88,10,0.927,0.723,0.0,0.0,1.0225,-0.0857,-0.009,0.1392,0.0903,True
27.1,43.49211666666667,13.501766666666667,119.6,25.0705,173.19,0.88,10,0.657,0.696,0.0,0.0,1.0189,-0.078,-0.0184,0.1436,0.0918,True
27.2,43.492111111111114,13.501766666666667,119.6,23.9612,173.91,0.88,10,0.618,0.666,0.0,0.0,1.0349,-0.0701,-0.0494,0.1665,0.1128,False
27.3,43.492105555555554,13.501766666666667,119.6,23.263,173.2,0.78,11,0.618,0.646,0.0,0.0,1.0165,-0.0816,-0.0487,0.1641,0.1299,True
27.4,43.492105555555554,13.501766666666667,119.6,23.263,173.2,0.78,11,0.0,0.646,,,,,,,,True
27.4,43.49209722222222,13.501766666666667,119.6,21.7128,175.0,0.78,11,0.927,0.0,0.0,0.0,1.0045,-0.0642,-0.035,0.1572,0.0938,True
27.5,43.49209444444445,13.501769444444445,119.6,20.7591,177.65,0.78,11,0.382,0.577,,,1.0063,-0.0912,-0.0304,0.1616,0.1328,True
27.6,43.49208888888889,13.501769444444445,119.6,19.8127,176.31,0.78,11,0.618,0.55,0.0,0.0,1.0124,-0.1128,-0.0262,0.1646,0.0757,True
27.7,43.49208333333333,13.501769444444445,119.5,18.7719,178.31,0.78,11,0.618,0.521,-16.19,-9.195,1.0096,-0.0947,-0.0162,0.1821,0.0767,True
27.8,43.49207777777778,13.501769444444445,119.5,18.0811,180.72,0.78,11,0.618,0.502,0.0,0.0,1.0053,-0.0771,-0.0071,0.127,0.0874,True
27.9,43.492075,13.501769444444445,119.5,17.0199,181.55,0.78,11,0.309,0.473,,,1.0231,-0.0688,-0.0155,0.104,0.084,True
28.0,43.492069444444446,13.501769444444445,119.5,15.9457,179.2,0.78,11,0.618,0.443,0.0,0.0,1.0117,-0.1059,0.0021,0.1733,0.0522,True
28.1,43.492066666666666,13.501769444444445,119.5,14.7086,176.71,0.78,11,0.309,0.409,,,0.9856,-0.1221,0.0343,0.2812,0.1504,True
28.2,43.49206111111111,13.501769444444445,119.5,14.7086,176.71,0.78,11,0.618,0.409,0.0,0.0,0.9864,-0.0952,0.0482,0.1729,0.1226,True
28.3,43.49205833333333,13.501769444444445,119.5,13.5252,175.12,0.78,11,0.309,0.376,,,0.9872,-0.0801,0.0872,0.1216,0.1548,True
28.4,43.49205833333333,13.501769444444445,119.5,13.5252,175.12,0.78,11,0.0,0.376,,,,,,,,True
28.4,43.49205555555556,13.501769444444445,119.5,13.59,175.78,0.78,11,0.309,0.0,,,0.9852,-0.0785,0.0855,0.1514,0.1533,True
28.5,43.49205277777778,13.501769444444445,119.5,13.2437,176.77,0.78,11,0.309,0.368,,,1.0039,-0.1032,0.0863,0.1543,0.1587,True
28.6,43.49205,13.501769444444445,119.5,12.2213,181.51,0.78,11,0.309,0.339,,,0.9971,-0.0925,0.0894,0.127,0.1289,True
28.7,43.492044444444446,13.501769444444445,119.6,11.7806,173.98,0.78,11,0.618,0.327,16.19,9.195,0.9847,-0.093,0.11,0.1226,0.1558,True
28.8,43.492041666666665,13.501769444444445,119.6,11.6843,178.24,0.78,11,0.309,0.325,,,0.9816,-0.0678,0.0913,0.1167,0.209,True
28.9,43.49203888888889,13.501769444444445,119.6,11.0342,175.97,0.78,11,0.309,0.307,,,1.0059,-0.1065,0.0931,0.1768,0.1938,True
29.0,43.49203611111111,13.501769444444445,119.6,10.3286,180.17,0.78,11,0.309,0.287,,,0.9979,-0.1028,0.089,0.1338,0.1416,True
29.1,43.49203333333333,13.501769444444445,119.6,10.3286,180.17,0.78,11,0.309,0.287,,,0.9901,-0.0945,0.0835,0.1313,0.1211,True
29.2,43.49203333333333,13.501769444444445,119.6,9.8063,176.88,0.78,11,0.0,0.272,,,0.9921,-0.0864,0.0808,0.1255,0.1084,True
29.3,43.49203055555556,13.501769444444445,119.6,8.8414,178.59,0.78,11,0.309,0.246,,,0.9871,-0.0884,0.0947,0.1245,0.1401,True
29.4,43.49203055555556,13.501769444444445,119.6,8.8414,178.59,0.78,11,0.0,0.246,,,,,,,,True
29.4,43.49202777777778,13.501769444444445,119.6,8.2933,181.26,0.78,11,0.309,0.0,,,0.9925,-0.0856,0.1016,0.1221,0.1401,True
29.6,43.492025,13.501769444444445,119.6,8.2377,177.51,0.78,11,0.309,0.458,,,0.9913,-0.0869,0.0943,0.1108,0.1406,True
29.7,43.492022222222225,13.501769444444445,119.7,7.6136,181.83,0.78,11,0.309,0.211,,,0.9937,-0.1017,0.0944,0.124,0.146,True
29.8,43.492022222222225,13.501769444444445,119.7,7.2506,179.59,0.74,12,0.0,0.201,,,0.9916,-0.106,0.093,0.1323,0.1348,True
29.9,43.492019444444445,13.501769444444445,119.7,6.6431,181.97,0.74,12,0.309,0.185,,,0.9924,-0.1,0.0921,0.1177,0.1538,True
30.1,43.492016666666665,13.501769444444445,119.7,6.0042,182.43,0.74,12,0.309,0.334,,,0.9953,-0.0956,0.0905,0.1206,0.126,False
30.2,43.492016666666665,13.501769444444445,119.7,4.7856,186.06,0.86,10,0.0,0.133,,,0.9915,-0.0922,0.0894,0.1099,0.1279,False
30.3,43.49201388888889,13.501769444444445,119.7,4.6522,178.48,0.86,10,0.309,0.129,,,0.995,-0.0899,0.0905,0.1094,0.127,True
30.3,43.49201388888889,13.501769444444445,119.7,4.6522,178.48,0.86,10,0.0,0.0,,,,,,,,True
30.4,43.49201388888889,13.501769444444445,119.7,4.2744,186.79,0.86,10,0.0,0.119,,,0.9916,-0.0923,0.0931,0.1089,0.1362,False
30.5,43.49201111111111,13.501769444444445,119.7,3.7503,177.54,0.86,10,0.309,0.104,,,0.9899,-0.0906,0.0985,0.1021,0.1392,False
30.6,43.49201111111111,13.501769444444445,,3.1484,189.18,,,0.0,0.087,,,,,,,,False
30.7,43.49201111111111,13.501769444444445,119.7,2.6465,180.49,1.21,09,0.0,0.074,,,0.9893,-0.0903,0.0982,0.1074,0.1426,True
30.8,43.49201111111111,13.501769444444445,119.7,2.315,182.09,1.21,09,0.0,0.064,,,0.9903,-0.0918,0.099,0.1099,0.1333,False
31.0,43.49200833333333,13.501769444444445,119.7,1.7816,188.84,1.21,09,0.309,0.099,,,0.9923,-0.0924,0.0997,0.1055,0.1357,True
31.1,43.49200833333333,13.501769444444445,119.7,0.0037,188.84,1.21,09,0.0,0.0,,,0.9921,-0.0897,0.1108,0.1021,0.1689,False
31.2,43.49200833333333,13.501769444444445,119.7,0.0019,188.84,1.21,09,0.0,0.0,,,0.9843,-0.0827,0.2065,0.1084,0.248,False
31.4,43.49200833333333,13.501769444444445,119.7,0.0019,188.84,1.21,09,0.0,0.0,,,0.9652,-0.0764,0.2701,0.0913,0.3115,False
31.4,43.49200833333333,13.501769444444445,119.7,0.0019,188.84,1.21,09,0.0,0.0,,,,,,,,False
31.5,43.49200833333333,13.501769444444445,119.7,0.0,188.84,1.21,09,0.0,0.0,,,0.9518,-0.0817,0.2348,0.0972,0.2769,False
31.6,43.49200833333333,13.501769444444445,119.7,0.0,188.84,1.21,09,0.0,0.0,,,0.967,-0.0811,0.2372,0.1001,0.2876,False
31.7,43.49200833333333,13.501769444444445,119.8,0.0,188.84,1.21,09,0.0,0.0,,,0.9736,-0.0775,0.2451,0.0913,0.2827,False
31.9,43.49200833333333,13.501769444444445,119.8,0.0019,188.84,1.21,09,0.0,0.0,,,0.9748,-0.0797,0.2204,0.0908,0.2534,False
32.0,43.49200833333333,13.501769444444445,119.8,0.0019,188.84,1.21,09,0.0,0.0,,,0.9695,-0.0799,0.2447,0.0942,0.2817,False
32.2,43.49200833333333,13.501769444444445,119.8,0.0019,188.84,1.21,09,0.0,0.0,,,0.9639,-0.0764,0.2321,0.0923,0.2808,False
32.3,43.49200833333333,13.501769444444445,119.8,0.0,188.84,1.21,09,0.0,0.0,,,0.9689,-0.0809,0.237,0.1001,0.2925,False
32.3,43.49200833333333,13.501769444444445,119.8,0.0,188.84,1.21,09,0.0,0.0,,,,,,,,False
32.5,43.49200833333333,13.501769444444445,119.8,0.0,188.84,1.21,09,0.0,0.0,,,0.9678,-0.0811,0.2358,0.1001,0.2773,False
32.6,43.49200833333333,13.501766666666667,119.8,0.0019,188.84,1.21,09,0.224,0.0,,,0.9704,-0.0809,0.2366,0.0991,0.2886,False
32.8,43.49200833333333,13.501766666666667,119.8,0.0019,188.84,1.21,09,0.0,0.0,,,0.97,-0.082,0.2351,0.0977,0.2803,False
32.9,43.49200833333333,13.501766666666667,119.8,0.0,188.84,1.21,09,0.0,0.0,,,0.9697,-0.078,0.2372,0.0957,0.2788,False
33.1,43.49200833333333,13.501766666666667,119.9,0.0,188.84,1.21,09,0.0,0.0,,,0.9714,-0.0814,0.2331,0.1055,0.2729,False
33.3,43.49200833333333,13.501766666666667,119.9,0.0,188.84,1.21,09,0.0,0.0,,,0.9755,-0.0829,0.2083,0.0986,0.2622,False
33.3,43.49200833333333,13.501766666666667,119.9,0.0,188.84,1.21,09,0.0,0.0,,,,,,,,False
33.4,43.49200833333333,13.501766666666667,119.9,0.0,188.84,1.21,09,0.0,0.0,,,0.9635,-0.0754,0.2679,0.0938,0.3267,False
33.5,43.49200833333333,13.501766666666667,119.9,0.0019,188.84,1.21,09,0.0,0.0,,,0.9605,-0.0776,0.2858,0.104,0.3896,False
