t,lat,lon,gps_alt,dem_alt,diff_m
0.0,43.51441111111111,13.497902777777776,50.3,51.0,-0.7
0.1,43.51444722222222,13.497905555555555,50.3,51.0,-0.7
0.4,43.514427777777776,13.497902777777776,50.3,51.0,-0.7
0.6,43.51441111111111,13.497902777777776,50.3,51.0,-0.7
0.8,43.51439166666667,13.497905555555555,50.2,51.0,-0.8
1.1,43.514377777777774,13.497908333333333,50.2,51.0,-0.8
1.3,43.51436388888889,13.497913888888888,50.1,51.0,-0.9
1.5,43.51435,13.497919444444443,50.0,52.0,-2.0
1.7,43.51433055555555,13.497927777777777,49.8,52.0,-2.2
2.0,43.514316666666666,13.497933333333332,49.4,52.0,-2.6
2.1,43.51431111111111,13.49793611111111,49.3,52.0,-2.7
2.3,43.514297222222226,13.497944444444444,49.1,52.0,-2.9
2.5,43.51428333333333,13.49795,48.8,52.0,-3.2
2.6,43.514269444444444,13.497958333333333,48.7,52.0,-3.3
2.9,43.51425555555556,13.497966666666667,48.4,52.0,-3.6
3.0,43.514247222222224,13.497972222222222,48.4,52.0,-3.6
3.1,43.51424166666666,13.497974999999999,48.3,52.0,-3.7
3.2,43.51423333333334,13.497980555555555,48.3,52.0,-3.7
3.3,43.514225,13.497983333333332,48.2,52.0,-3.8
3.4,43.51421111111111,13.497991666666666,48.2,52.0,-3.8
3.5,43.51421111111111,13.497991666666666,48.2,52.0,-3.8
3.6,43.51419444444444,13.49799722222222,48.2,52.0,-3.8
3.8,43.51418611111111,13.498,48.2,52.0,-3.8
3.9,43.514177777777775,13.498002777777778,48.1,52.0,-3.9
4.1,43.514161111111115,13.498008333333333,48.1,52.0,-3.9
4.3,43.51414444444445,13.498013888888888,48.1,52.0,-3.9
4.4,43.514133333333334,13.498016666666667,48.1,52.0,-3.9
4.5,43.514116666666666,13.498019444444443,48.0,52.0,-4.0
4.6,43.514116666666666,13.498019444444443,48.0,52.0,-4.0
4.7,43.51409722222222,13.498024999999998,48.0,52.0,-4.0
4.8,43.51408888888889,13.498024999999998,48.0,52.0,-4.0
4.9,43.51407777777778,13.498027777777777,47.9,52.0,-4.1
5.2,43.51405833333333,13.498030555555555,47.9,52.0,-4.1
5.3,43.51405,13.498033333333332,47.9,52.0,-4.1
5.4,43.51403055555556,13.498033333333332,48.0,52.0,-4.0
5.5,43.51403055555556,13.498033333333332,48.0,52.0,-4.0
5.6,43.51401944444444,13.49803611111111,47.9,52.0,-4.1
5.7,43.51400833333334,13.49803611111111,47.9,53.0,-5.1
5.8,43.514,13.49803611111111,47.9,53.0,-5.1
5.9,43.51398888888889,13.498038888888889,47.9,53.0,-5.1
6.0,43.513977777777775,13.498038888888889,47.8,53.0,-5.2
6.1,43.51396944444444,13.498038888888889,47.8,53.0,-5.2
6.2,43.513958333333335,13.498038888888889,47.8,53.0,-5.2
6.3,43.513936111111114,13.498041666666666,47.7,53.0,-5.3
6.5,43.513925,13.498041666666666,47.7,53.0,-5.3
6.6,43.51391388888889,13.498041666666666,47.6,53.0,-5.4
6.7,43.51390555555555,13.498044444444444,47.6,53.0,-5.4
6.8,43.513894444444446,13.498044444444444,47.6,53.0,-5.4
6.9,43.51388333333333,13.498044444444444,47.5,53.0,-5.5
7.0,43.513872222222226,13.498044444444444,47.5,53.0,-5.5
7.1,43.51386111111111,13.498044444444444,47.5,53.0,-5.5
7.2,43.51383888888889,13.49804722222222,47.5,53.0,-5.5
7.4,43.513825,13.49804722222222,47.4,53.0,-5.6
7.5,43.51381388888889,13.49804722222222,47.4,54.0,-6.6
7.6,43.51380277777778,13.49805,47.3,54.0,-6.7
7.7,43.51379166666667,13.49805,47.3,54.0,-6.7
7.8,43.513780555555556,13.49805,47.3,54.0,-6.7
7.9,43.51376944444444,13.49805,47.2,54.0,-6.8
8.0,43.513755555555555,13.49805,47.2,54.0,-6.8
8.1,43.513733333333334,13.498052777777778,47.2,54.0,-6.8
8.3,43.51372222222222,13.498052777777778,47.2,54.0,-6.8
8.5,43.51369722222222,13.498055555555554,47.2,54.0,-6.8
8.6,43.51367222222222,13.498055555555554,47.1,55.0,-7.9
8.7,43.51366111111111,13.498055555555554,47.1,55.0,-7.9
8.8,43.51365,13.498055555555554,47.1,55.0,-7.9
8.9,43.51363611111111,13.498055555555554,47.1,55.0,-7.9
9.0,43.513625,13.498058333333333,47.1,55.0,-7.9
9.1,43.51361388888889,13.498058333333333,47.0,55.0,-8.0
9.2,43.5136,13.498058333333333,47.0,55.0,-8.0
9.5,43.513575,13.498058333333333,47.0,55.0,-8.0
9.6,43.51355,13.49806111111111,46.9,55.0,-8.1
9.7,43.51353888888889,13.49806111111111,46.9,55.0,-8.1
9.8,43.513525,13.49806111111111,46.9,55.0,-8.1
9.9,43.51351388888889,13.49806111111111,46.9,55.0,-8.1
10.0,43.5135,13.49806111111111,46.8,55.0,-8.2
10.1,43.51348888888889,13.498063888888888,46.8,55.0,-8.2
10.4,43.513463888888886,13.498063888888888,46.8,55.0,-8.2
10.5,43.51343888888889,13.498063888888888,46.7,55.0,-8.3
10.6,43.513425,13.498063888888888,46.7,55.0,-8.3
10.7,43.51341388888889,13.498063888888888,46.7,55.0,-8.3
10.8,43.5134,13.498066666666666,46.7,55.0,-8.3
10.9,43.51338888888889,13.498066666666666,46.6,55.0,-8.4
11.0,43.513375,13.498066666666666,46.6,55.0,-8.4
11.1,43.51336388888889,13.498066666666666,46.6,55.0,-8.4
11.2,43.51335,13.498066666666666,46.5,55.0,-8.5
11.5,43.513325,13.498066666666666,46.5,55.0,-8.5
11.6,43.5133,13.498066666666666,46.5,55.0,-8.5
11.7,43.513286111111114,13.498066666666666,46.4,55.0,-8.6
11.8,43.513275,13.498066666666666,46.4,55.0,-8.6
12.0,43.51325,13.498066666666666,46.4,54.0,-7.6
12.2,43.513225,13.498069444444443,46.4,54.0,-7.6
12.4,43.5132,13.498069444444443,46.4,54.0,-7.6
12.5,43.5132,13.498069444444443,46.4,54.0,-7.6
12.6,43.513175,13.498069444444443,46.3,54.0,-7.7
12.8,43.51315,13.498069444444443,46.3,54.0,-7.7
13.0,43.513125,13.498072222222222,46.3,54.0,-7.7
13.2,43.5131,13.498072222222222,46.3,53.0,-6.7
13.4,43.513075,13.498072222222222,46.3,53.0,-6.7
13.5,43.513075,13.498072222222222,46.3,53.0,-6.7
13.6,43.51305,13.498072222222222,46.3,53.0,-6.7
13.8,43.513025,13.498072222222222,46.3,53.0,-6.7
14.0,43.512997222222225,13.498072222222222,46.3,53.0,-6.7
14.2,43.512972222222224,13.498075,46.3,53.0,-6.7
14.4,43.51294722222222,13.498075,46.3,53.0,-6.7
14.5,43.51294722222222,13.498075,46.3,53.0,-6.7
14.6,43.51292222222222,13.498075,46.2,53.0,-6.8
14.8,43.51289444444444,13.498075,46.3,52.0,-5.7
15.0,43.51286944444445,13.498075,46.2,52.0,-5.8
15.2,43.51284444444445,13.498075,46.2,52.0,-5.8
15.4,43.512816666666666,13.498077777777777,46.2,52.0,-5.8
15.5,43.512816666666666,13.498077777777777,46.2,52.0,-5.8
15.6,43.512791666666665,13.498077777777777,46.1,52.0,-5.9
15.8,43.51276388888889,13.498077777777777,46.1,52.0,-5.9
16.0,43.51273888888889,13.498080555555555,46.1,52.0,-5.9
16.2,43.51271111111111,13.498080555555555,46.0,52.0,-6.0
16.4,43.51268611111111,13.498080555555555,46.0,51.0,-5.0
16.5,43.51268611111111,13.498080555555555,46.0,51.0,-5.0
16.6,43.512658333333334,13.498080555555555,45.9,51.0,-5.1
16.8,43.51263055555555,13.498083333333332,45.9,51.0,-5.1
17.0,43.51260555555555,13.498083333333332,45.8,51.0,-5.2
17.1,43.512591666666665,13.498083333333332,45.8,51.0,-5.2
17.2,43.51257777777778,13.498083333333332,45.8,51.0,-5.2
17.3,43.51256388888889,13.498083333333332,45.8,51.0,-5.2
17.4,43.51255,13.498083333333332,45.8,50.0,-4.2
17.5,43.51253611111111,13.498083333333332,45.8,50.0,-4.2
17.6,43.51252222222222,13.49808611111111,45.7,50.0,-4.3
17.7,43.51251111111111,13.49808611111111,45.7,50.0,-4.3
17.8,43.51249722222222,13.49808611111111,45.7,50.0,-4.3
17.9,43.512483333333336,13.49808611111111,45.7,50.0,-4.3
18.0,43.51246944444444,13.49808611111111,45.7,50.0,-4.3
18.1,43.512455555555555,13.49808611111111,45.7,50.0,-4.3
18.2,43.51244166666667,13.49808611111111,45.7,50.0,-4.3
18.5,43.51241388888889,13.49808611111111,45.7,50.0,-4.3
18.6,43.51238611111111,13.49808611111111,45.7,50.0,-4.3
18.7,43.512372222222226,13.49808611111111,45.7,50.0,-4.3
18.8,43.51235833333333,13.49808611111111,45.7,50.0,-4.3
18.9,43.512344444444444,13.49808611111111,45.7,50.0,-4.3
19.0,43.51233055555556,13.49808611111111,45.7,50.0,-4.3
19.1,43.51231666666666,13.49808611111111,45.7,50.0,-4.3
19.2,43.512302777777776,13.49808611111111,45.7,50.0,-4.3
19.5,43.51227222222222,13.49808611111111,45.7,50.0,-4.3
19.6,43.512258333333335,13.49808611111111,45.7,50.0,-4.3
19.7,43.51224444444444,13.49808611111111,45.7,50.0,-4.3
19.8,43.512230555555554,13.49808611111111,45.8,50.0,-4.2
19.9,43.51221666666667,13.49808611111111,45.8,50.0,-4.2
20.0,43.51220277777778,13.49808611111111,45.8,50.0,-4.2
20.1,43.512188888888886,13.49808611111111,45.8,50.0,-4.2
20.2,43.51217222222222,13.49808611111111,45.8,50.0,-4.2
20.3,43.51215833333333,13.49808611111111,45.8,50.0,-4.2
20.4,43.51213055555556,13.49808611111111,45.8,50.0,-4.2
20.5,43.51213055555556,13.49808611111111,45.8,50.0,-4.2
20.6,43.512116666666664,13.49808611111111,45.8,50.0,-4.2
20.8,43.51208611111111,13.49808611111111,45.8,50.0,-4.2
20.9,43.512058333333336,13.49808611111111,45.7,49.0,-3.3
21.2,43.512027777777774,13.49808611111111,45.7,49.0,-3.3
21.3,43.51199722222222,13.49808611111111,45.7,49.0,-3.3
21.4,43.51198333333333,13.49808611111111,45.6,49.0,-3.4
21.5,43.511969444444446,13.498088888888889,45.5,49.0,-3.5
21.6,43.51195555555555,13.498088888888889,45.5,49.0,-3.5
21.7,43.51193888888889,13.498088888888889,45.5,49.0,-3.5
21.8,43.511925,13.498088888888889,45.4,49.0,-3.6
21.9,43.51190833333333,13.498088888888889,45.4,49.0,-3.6
22.0,43.511894444444444,13.498088888888889,45.3,49.0,-3.7
22.1,43.51188055555556,13.498088888888889,45.3,49.0,-3.7
22.2,43.51186388888889,13.498088888888889,45.3,48.0,-2.7
22.3,43.51185,13.498091666666665,45.2,48.0,-2.8
22.4,43.511833333333335,13.498091666666665,45.2,48.0,-2.8
22.5,43.51181944444444,13.498091666666665,45.1,48.0,-2.9
22.6,43.511805555555554,13.498091666666665,45.1,48.0,-2.9
22.7,43.51178888888889,13.498091666666665,45.1,48.0,-2.9
22.8,43.511775,13.498091666666665,45.0,48.0,-3.0
22.9,43.51175833333333,13.498091666666665,45.0,48.0,-3.0
23.0,43.511744444444446,13.498091666666665,45.0,48.0,-3.0
23.1,43.51172777777778,13.498091666666665,45.0,47.0,-2.0
23.2,43.51171388888889,13.498091666666665,44.9,47.0,-2.1
23.5,43.51168333333333,13.498094444444444,44.9,47.0,-2.1
23.6,43.511652777777776,13.498091666666665,44.8,47.0,-2.2
23.7,43.51163888888889,13.498091666666665,44.8,47.0,-2.2
23.8,43.51162222222222,13.498091666666665,44.7,47.0,-2.3
23.9,43.511608333333335,13.498091666666665,44.7,47.0,-2.3
24.0,43.51159166666667,13.498091666666665,44.7,47.0,-2.3
24.1,43.51157777777778,13.498091666666665,44.6,47.0,-2.4
24.2,43.511561111111114,13.498091666666665,44.6,47.0,-2.4
24.3,43.51154722222222,13.498091666666665,44.5,47.0,-2.5
24.6,43.511516666666665,13.498091666666665,44.5,47.0,-2.5
24.7,43.51148611111111,13.498094444444444,44.4,47.0,-2.6
24.8,43.511472222222224,13.498094444444444,44.3,47.0,-2.7
24.9,43.51145555555556,13.498094444444444,44.3,47.0,-2.7
25.0,43.51144166666667,13.498094444444444,44.2,47.0,-2.8
25.1,43.511425,13.49809722222222,44.2,47.0,-2.8
25.2,43.51141111111111,13.49809722222222,44.1,47.0,-2.9
25.5,43.511380555555554,13.49809722222222,44.0,47.0,-3.0
25.6,43.51135,13.49809722222222,44.0,47.0,-3.0
25.7,43.51133611111111,13.498099999999999,43.9,47.0,-3.1
25.8,43.511319444444446,13.498099999999999,43.9,47.0,-3.1
25.9,43.51130555555556,13.498099999999999,43.8,47.0,-3.2
26.0,43.511291666666665,13.498099999999999,43.8,47.0,-3.2
26.1,43.511275,13.498099999999999,43.7,47.0,-3.3
26.2,43.51126111111111,13.498099999999999,43.7,47.0,-3.3
26.3,43.51124444444444,13.498099999999999,43.6,47.0,-3.4
26.4,43.51123055555556,13.498099999999999,43.6,47.0,-3.4
26.5,43.51121666666667,13.498099999999999,43.6,47.0,-3.4
26.6,43.5112,13.498102777777778,43.6,47.0,-3.4
26.7,43.51118611111111,13.498102777777778,43.6,47.0,-3.4
26.8,43.51116944444444,13.498102777777778,43.5,47.0,-3.5
26.9,43.511155555555554,13.498102777777778,43.5,47.0,-3.5
27.0,43.51114166666667,13.498105555555554,43.5,47.0,-3.5
27.1,43.511125,13.498105555555554,43.5,47.0,-3.5
27.2,43.51111111111111,13.498105555555554,43.5,47.0,-3.5
27.3,43.511094444444446,13.498105555555554,43.4,47.0,-3.6
27.4,43.51108055555556,13.498105555555554,43.4,47.0,-3.6
27.5,43.511066666666665,13.498108333333333,43.4,47.0,-3.6
27.6,43.51105,13.498108333333333,43.4,47.0,-3.6
27.7,43.51103611111111,13.498108333333333,43.4,47.0,-3.6
27.8,43.51102222222222,13.498108333333333,43.3,47.0,-3.7
27.9,43.511005555555556,13.498108333333333,43.3,47.0,-3.7
28.0,43.51099166666667,13.498111111111111,43.3,47.0,-3.7
28.1,43.510977777777775,13.498111111111111,43.3,47.0,-3.7
28.2,43.51096111111111,13.498111111111111,43.3,47.0,-3.7
28.5,43.510933333333334,13.498113888888888,43.2,47.0,-3.8
28.6,43.51091944444445,13.498113888888888,43.2,47.0,-3.8
28.7,43.510888888888886,13.498116666666666,43.2,47.0,-3.8
28.8,43.510875,13.498116666666666,43.2,47.0,-3.8
28.9,43.51085833333333,13.498119444444443,43.1,47.0,-3.9
29.0,43.510844444444444,13.498122222222221,43.1,47.0,-3.9
29.1,43.51083055555556,13.498122222222221,43.1,47.0,-3.9
29.2,43.51081666666666,13.498125,43.1,47.0,-3.9
29.3,43.510802777777776,13.498125,43.1,47.0,-3.9
29.4,43.51078611111111,13.498127777777777,43.1,47.0,-3.9
29.5,43.51077222222222,13.498130555555555,43.0,47.0,-4.0
29.6,43.51077222222222,13.498130555555555,43.0,47.0,-4.0
29.7,43.51074444444444,13.498133333333332,42.9,47.0,-4.1
29.8,43.510730555555554,13.49813611111111,42.9,47.0,-4.1
29.9,43.51071666666667,13.49813611111111,42.9,47.0,-4.1
30.1,43.51070277777778,13.498138888888889,42.8,47.0,-4.2
30.2,43.510688888888886,13.498141666666665,42.8,47.0,-4.2
30.3,43.51067222222222,13.498144444444444,42.8,47.0,-4.2
30.4,43.51065833333333,13.49814722222222,42.8,47.0,-4.2
30.5,43.510644444444445,13.49814722222222,42.7,47.0,-4.3
30.6,43.51063055555556,13.498149999999999,42.7,47.0,-4.3
30.7,43.510616666666664,13.498152777777777,42.7,47.0,-4.3
30.8,43.51060277777778,13.498155555555554,42.7,47.0,-4.3
31.0,43.510575,13.498161111111111,42.6,47.0,-4.4
31.2,43.51054444444444,13.498166666666666,42.6,47.0,-4.4
31.4,43.51051666666667,13.498172222222221,42.5,47.0,-4.5
31.6,43.51048888888889,13.498180555555555,42.4,47.0,-4.6
31.8,43.51045833333333,13.49818611111111,42.4,47.0,-4.6
32.0,43.51043055555556,13.498194444444444,42.3,47.0,-4.7
32.2,43.51040277777778,13.498202777777777,42.2,47.0,-4.8
32.4,43.51037222222222,13.498208333333332,42.2,47.0,-4.8
32.6,43.51034444444444,13.498216666666666,42.1,47.0,-4.9
32.8,43.51031666666667,13.498225,42.1,47.0,-4.9
32.9,43.5103,13.498227777777776,42.0,47.0,-5.0
33.0,43.510286111111114,13.498230555555555,42.0,47.0,-5.0
33.1,43.51027222222222,13.49823611111111,42.0,47.0,-5.0
33.2,43.51025833333333,13.498238888888888,42.0,47.0,-5.0
33.3,43.510244444444446,13.498241666666665,42.0,47.0,-5.0
33.4,43.51022777777778,13.498247222222222,41.9,47.0,-5.1
33.6,43.5102,13.498252777777777,41.9,47.0,-5.1
33.7,43.51018611111111,13.498258333333332,41.9,47.0,-5.1
33.8,43.510172222222224,13.49826111111111,41.9,47.0,-5.1
33.9,43.510155555555556,13.498266666666666,41.8,47.0,-5.2
34.0,43.51014166666667,13.498269444444444,41.8,47.0,-5.2
34.1,43.510127777777775,13.498272222222221,41.8,46.0,-4.2
34.2,43.51011388888889,13.498277777777776,41.8,46.0,-4.2
34.3,43.5101,13.498280555555555,41.7,46.0,-4.3
34.4,43.510086111111114,13.498283333333333,41.7,46.0,-4.3
34.5,43.51006944444445,13.498288888888888,41.7,46.0,-4.3
34.6,43.51005555555555,13.498291666666665,41.7,46.0,-4.3
34.7,43.510041666666666,13.498297222222222,41.7,46.0,-4.3
34.8,43.51002777777778,13.498299999999999,41.7,46.0,-4.3
34.9,43.51001388888889,13.498305555555556,41.6,46.0,-4.4
35.0,43.51,13.498308333333332,41.6,46.0,-4.4
35.1,43.50998611111111,13.49831111111111,41.6,46.0,-4.4
35.2,43.509969444444444,13.498316666666666,41.6,46.0,-4.4
35.3,43.50995555555556,13.498319444444444,41.6,46.0,-4.4
35.4,43.50994166666667,13.498325,41.6,46.0,-4.4
35.5,43.509927777777776,13.498327777777776,41.6,46.0,-4.4
35.6,43.50991388888889,13.498333333333333,41.6,46.0,-4.4
35.7,43.5099,13.49833611111111,41.5,46.0,-4.5
35.8,43.509883333333335,13.498338888888888,41.5,46.0,-4.5
35.9,43.50986944444445,13.498344444444443,41.6,46.0,-4.4
36.0,43.50985555555555,13.498347222222222,41.6,46.0,-4.4
36.1,43.50984166666667,13.498352777777777,41.5,46.0,-4.5
36.2,43.50982777777778,13.498355555555555,41.5,46.0,-4.5
36.3,43.50981111111111,13.49836111111111,41.5,46.0,-4.5
36.4,43.509797222222225,13.498363888888887,41.4,46.0,-4.6
36.5,43.50978333333333,13.498369444444444,41.4,46.0,-4.6
36.6,43.509769444444444,13.49837222222222,41.4,46.0,-4.6
36.7,43.50975555555556,13.498377777777778,41.4,46.0,-4.6
36.8,43.50973888888889,13.498380555555554,41.4,46.0,-4.6
36.9,43.509725,13.49838611111111,41.4,46.0,-4.6
37.0,43.50971111111111,13.498388888888888,41.4,46.0,-4.6
37.1,43.50969722222222,13.498394444444443,41.4,46.0,-4.6
37.2,43.509683333333335,13.498397222222222,41.4,46.0,-4.6
37.3,43.50966666666667,13.498399999999998,41.3,46.0,-4.7
37.4,43.50965277777778,13.498405555555555,41.3,46.0,-4.7
37.5,43.50963888888889,13.498408333333332,41.3,46.0,-4.7
37.6,43.509625,13.498413888888889,41.3,46.0,-4.7
37.7,43.50960833333333,13.498416666666666,41.3,46.0,-4.7
37.8,43.509594444444446,13.49842222222222,41.3,46.0,-4.7
37.9,43.50958055555556,13.498425,41.3,45.0,-3.7
38.1,43.50955277777778,13.498433333333333,41.2,45.0,-3.8
38.3,43.50952222222222,13.498441666666666,41.2,45.0,-3.8
38.4,43.509508333333336,13.498447222222222,41.2,45.0,-3.8
38.6,43.509477777777775,13.498455555555555,41.2,45.0,-3.8
38.7,43.50946388888889,13.498458333333332,41.2,45.0,-3.8
38.8,43.50945,13.498463888888889,41.1,45.0,-3.9
38.9,43.509436111111114,13.498466666666666,41.1,45.0,-3.9
39.0,43.50941944444445,13.49847222222222,41.0,45.0,-4.0
39.1,43.50940555555555,13.498475,41.0,45.0,-4.0
39.2,43.509391666666666,13.498480555555554,41.0,45.0,-4.0
39.3,43.50937777777778,13.498483333333333,41.0,45.0,-4.0
39.5,43.509347222222225,13.498491666666666,40.9,45.0,-4.1
39.6,43.50933333333333,13.498494444444443,40.9,45.0,-4.1
39.7,43.50931944444444,13.4985,40.8,45.0,-4.2
39.8,43.50930555555556,13.498502777777777,40.8,45.0,-4.2
40.0,43.509275,13.49851111111111,40.8,44.0,-3.2
40.1,43.50926111111111,13.498516666666665,40.8,44.0,-3.2
40.2,43.50924722222222,13.49852222222222,40.7,44.0,-3.3
40.3,43.509233333333334,13.498524999999999,40.7,44.0,-3.3
40.5,43.50920277777778,13.498533333333333,40.7,44.0,-3.3
40.6,43.509188888888886,13.498538888888888,40.6,44.0,-3.4
40.7,43.50917222222222,13.498541666666666,40.6,44.0,-3.4
40.8,43.50915833333333,13.498547222222221,40.6,44.0,-3.4
40.9,43.509144444444445,13.49855,40.6,44.0,-3.4
41.0,43.50913055555556,13.498555555555555,40.6,44.0,-3.4
41.1,43.50911388888889,13.498558333333332,40.5,44.0,-3.5
41.2,43.5091,13.498563888888889,40.5,44.0,-3.5
41.4,43.50906944444444,13.498572222222222,40.5,44.0,-3.5
41.5,43.509055555555555,13.498574999999999,40.4,44.0,-3.6
41.6,43.50904166666667,13.498580555555554,40.4,44.0,-3.6
41.7,43.509025,13.498586111111111,40.4,44.0,-3.6
41.8,43.509011111111114,13.498588888888888,40.4,44.0,-3.6
41.9,43.50899722222222,13.498594444444443,40.3,44.0,-3.7
42.0,43.50898333333333,13.498597222222221,40.3,44.0,-3.7
42.1,43.508966666666666,13.498602777777776,40.3,44.0,-3.7
42.3,43.50893888888889,13.49861111111111,40.3,44.0,-3.7
42.4,43.508925,13.498616666666665,40.2,44.0,-3.8
42.5,43.50890833333333,13.498619444444444,40.2,44.0,-3.8
42.6,43.508894444444444,13.498624999999999,40.2,44.0,-3.8
42.7,43.50888055555556,13.498627777777777,40.2,44.0,-3.8
42.8,43.50886666666667,13.498633333333332,40.2,44.0,-3.8
42.9,43.50885,13.498638888888888,40.1,44.0,-3.9
43.0,43.50883611111111,13.498641666666666,40.1,44.0,-3.9
43.2,43.508808333333334,13.49865,40.1,44.0,-3.9
43.3,43.50879444444445,13.498655555555555,40.1,44.0,-3.9
43.4,43.50877777777778,13.49866111111111,40.1,44.0,-3.9
43.6,43.50875,13.498669444444443,40.1,44.0,-3.9
43.7,43.50873611111111,13.498674999999999,40.1,44.0,-3.9
43.8,43.508719444444445,13.498677777777777,40.1,44.0,-3.9
43.9,43.50870555555556,13.498683333333332,40.1,44.0,-3.9
44.1,43.50867777777778,13.498691666666666,40.1,44.0,-3.9
44.2,43.50866111111111,13.498697222222221,40.1,44.0,-3.9
44.3,43.50864722222222,13.498702777777776,40.1,44.0,-3.9
44.4,43.508633333333336,13.498705555555555,40.1,44.0,-3.9
44.5,43.50861944444444,13.49871111111111,40.1,44.0,-3.9
44.6,43.508605555555555,13.498716666666667,40.1,44.0,-3.9
44.7,43.50858888888889,13.498719444444443,40.1,44.0,-3.9
44.8,43.508575,13.498724999999999,40.1,44.0,-3.9
45.0,43.50854722222222,13.498733333333332,40.1,44.0,-3.9
45.1,43.50853333333333,13.498738888888887,40.1,44.0,-3.9
45.2,43.508516666666665,13.498741666666666,40.1,44.0,-3.9
45.3,43.50850277777778,13.498747222222221,40.1,44.0,-3.9
45.5,43.508475,13.498755555555555,40.0,44.0,-4.0
45.6,43.50846111111111,13.498758333333333,40.0,45.0,-5.0
45.7,43.50844722222222,13.498763888888888,40.0,45.0,-5.0
45.9,43.50841666666667,13.498772222222222,40.0,45.0,-5.0
46.0,43.508402777777775,13.498777777777777,39.9,45.0,-5.1
46.1,43.50838888888889,13.498780555555555,39.9,45.0,-5.1
46.2,43.508375,13.49878611111111,39.9,45.0,-5.1
46.3,43.508361111111114,13.498788888888889,39.9,45.0,-5.1
46.4,43.50834722222222,13.498794444444444,39.9,45.0,-5.1
46.5,43.50833333333333,13.4988,39.9,45.0,-5.1
46.6,43.508319444444446,13.498802777777778,39.9,45.0,-5.1
46.8,43.50828888888889,13.49881111111111,39.9,45.0,-5.1
46.9,43.508275,13.498816666666666,39.9,45.0,-5.1
47.0,43.50826111111111,13.498822222222222,39.9,45.0,-5.1
47.1,43.508247222222224,13.498824999999998,39.9,45.0,-5.1
47.2,43.50823333333334,13.498830555555555,39.9,45.0,-5.1
47.4,43.508205555555556,13.498838888888889,39.9,45.0,-5.1
47.5,43.50819166666667,13.498844444444444,39.9,45.0,-5.1
47.6,43.508177777777775,13.49885,39.9,45.0,-5.1
47.7,43.508161111111114,13.498852777777778,39.9,45.0,-5.1
47.8,43.50814722222222,13.498858333333333,39.9,45.0,-5.1
47.9,43.50813333333333,13.498863888888888,39.9,45.0,-5.1
48.0,43.508119444444446,13.498866666666666,39.9,45.0,-5.1
48.1,43.50810555555555,13.498872222222221,39.9,45.0,-5.1
48.2,43.508091666666665,13.498877777777777,39.9,45.0,-5.1
48.3,43.50807777777778,13.498880555555555,39.9,45.0,-5.1
48.4,43.50806388888889,13.49888611111111,39.9,45.0,-5.1
48.5,43.50805,13.498891666666665,39.9,45.0,-5.1
48.6,43.50803611111111,13.498894444444444,39.9,45.0,-5.1
48.7,43.50801944444444,13.498899999999999,39.9,45.0,-5.1
48.8,43.508005555555556,13.498905555555554,39.9,45.0,-5.1
48.9,43.50799166666667,13.498911111111111,39.8,44.0,-4.2
49.0,43.507977777777775,13.498913888888888,39.8,44.0,-4.2
49.1,43.50796388888889,13.498919444444443,39.8,44.0,-4.2
49.2,43.50795,13.498922222222221,39.8,44.0,-4.2
49.3,43.507936111111114,13.498927777777777,39.8,44.0,-4.2
49.5,43.50790833333333,13.498938888888889,39.8,44.0,-4.2
49.6,43.507894444444446,13.498941666666665,39.8,44.0,-4.2
49.7,43.50788055555556,13.498947222222222,39.7,44.0,-4.3
49.8,43.507866666666665,13.498949999999999,39.7,44.0,-4.3
49.9,43.50785277777778,13.498955555555554,39.7,43.0,-3.3
50.0,43.50783888888889,13.498961111111111,39.7,43.0,-3.3
50.1,43.507825,13.498966666666666,39.7,43.0,-3.3
50.2,43.50781111111111,13.498969444444443,39.7,43.0,-3.3
50.4,43.507783333333336,13.498980555555555,39.7,43.0,-3.3
50.5,43.50776666666667,13.498983333333333,39.8,43.0,-3.2
50.6,43.507752777777775,13.498988888888888,39.8,43.0,-3.2
50.7,43.50773888888889,13.498994444444444,39.9,43.0,-3.1
50.8,43.507725,13.498999999999999,39.9,43.0,-3.1
50.9,43.507711111111114,13.499005555555554,39.9,43.0,-3.1
51.0,43.50769722222222,13.49901111111111,40.0,43.0,-3.0
51.1,43.50768333333333,13.499013888888888,40.0,43.0,-3.0
51.3,43.50765555555556,13.499025,40.0,43.0,-3.0
51.5,43.50762777777778,13.499033333333333,40.1,42.0,-1.9
51.6,43.50761388888889,13.499038888888888,40.1,42.0,-1.9
51.7,43.5076,13.499044444444444,40.1,42.0,-1.9
51.8,43.50758611111111,13.499049999999999,40.1,42.0,-1.9
51.9,43.50757222222222,13.499052777777777,40.1,42.0,-1.9
52.0,43.507558333333336,13.499058333333332,40.1,42.0,-1.9
52.1,43.50754444444444,13.499063888888887,40.1,42.0,-1.9
52.2,43.507530555555554,13.499066666666666,40.1,42.0,-1.9
52.3,43.50751666666667,13.499072222222221,40.1,42.0,-1.9
52.5,43.507488888888886,13.499080555555555,40.1,42.0,-1.9
52.6,43.507475,13.49908611111111,40.1,42.0,-1.9
52.7,43.50746111111111,13.499088888888888,40.1,42.0,-1.9
52.8,43.507447222222225,13.499094444444443,40.1,42.0,-1.9
52.9,43.50743333333333,13.499099999999999,40.0,42.0,-2.0
53.1,43.50740555555556,13.499108333333332,40.0,42.0,-2.0
53.2,43.50739166666666,13.49911111111111,40.0,42.0,-2.0
53.3,43.507377777777776,13.499116666666666,40.0,42.0,-2.0
53.5,43.50735,13.499125,39.9,42.0,-2.1
53.7,43.50732222222222,13.499133333333333,39.9,42.0,-2.1
53.8,43.507308333333334,13.499138888888888,39.9,42.0,-2.1
54.0,43.50728055555555,13.499147222222222,39.9,42.0,-2.1
54.1,43.507266666666666,13.499152777777777,39.9,42.0,-2.1
54.2,43.50725277777778,13.499155555555555,39.9,42.0,-2.1
54.3,43.50723888888889,13.49916111111111,39.9,42.0,-2.1
54.5,43.50721111111111,13.499169444444444,39.8,42.0,-2.2
54.6,43.507197222222224,13.499175,39.8,42.0,-2.2
54.7,43.50718333333333,13.499177777777778,39.8,42.0,-2.2
54.9,43.50715833333334,13.49918611111111,39.8,42.0,-2.2
55.0,43.50714444444444,13.499191666666666,39.8,42.0,-2.2
55.1,43.507130555555555,13.499194444444443,39.8,42.0,-2.2
55.2,43.50711666666667,13.499199999999998,39.8,42.0,-2.2
55.3,43.507102777777774,13.499205555555555,39.8,43.0,-3.2
55.4,43.50708888888889,13.499208333333332,39.8,43.0,-3.2
55.5,43.507075,13.499213888888889,39.8,43.0,-3.2
55.6,43.50706111111111,13.499216666666666,39.8,43.0,-3.2
55.7,43.50705,13.49922222222222,39.8,43.0,-3.2
55.8,43.50703611111111,13.499227777777778,39.8,43.0,-3.2
55.9,43.507022222222226,13.499230555555554,39.8,43.0,-3.2
56.0,43.50700833333333,13.49923611111111,39.7,43.0,-3.3
56.1,43.506994444444445,13.499241666666666,39.7,43.0,-3.3
56.2,43.50698055555556,13.499244444444443,39.7,43.0,-3.3
56.3,43.506969444444444,13.49925,39.7,43.0,-3.3
56.4,43.50695555555556,13.499252777777777,39.7,43.0,-3.3
56.5,43.50694166666667,13.499258333333332,39.7,43.0,-3.3
56.6,43.506927777777776,13.499263888888889,39.8,43.0,-3.2
56.7,43.50691388888889,13.499266666666665,39.8,43.0,-3.2
56.8,43.506902777777775,13.49927222222222,39.8,43.0,-3.2
56.9,43.50688888888889,13.499274999999999,39.8,43.0,-3.2
57.0,43.506875,13.499280555555554,39.7,43.0,-3.3
57.1,43.506861111111114,13.499286111111111,39.7,43.0,-3.3
57.2,43.50684722222222,13.499288888888888,39.7,43.0,-3.3
57.3,43.50683611111111,13.499294444444443,39.7,43.0,-3.3
57.4,43.50682222222222,13.499297222222221,39.7,43.0,-3.3
57.5,43.50680833333333,13.499302777777777,39.7,43.0,-3.3
57.6,43.506794444444445,13.499305555555555,39.7,43.0,-3.3
57.7,43.50678333333333,13.49931111111111,39.6,43.0,-3.4
57.8,43.506769444444444,13.499313888888889,39.6,43.0,-3.4
57.9,43.50675555555556,13.499319444444444,39.6,43.0,-3.4
58.0,43.50674166666667,13.499322222222222,39.6,43.0,-3.4
58.1,43.506727777777776,13.499327777777777,39.6,43.0,-3.4
58.2,43.50671388888889,13.499330555555554,39.6,43.0,-3.4
58.3,43.5067,13.499336111111111,39.6,42.0,-2.4
58.5,43.506675,13.499344444444443,39.6,42.0,-2.4
58.6,43.506661111111114,13.49935,39.6,42.0,-2.4
58.7,43.50664722222222,13.499352777777776,39.7,42.0,-2.3
58.8,43.50663333333333,13.499355555555555,39.8,42.0,-2.2
58.9,43.50662222222222,13.49936111111111,39.8,42.0,-2.2
59.0,43.50660833333333,13.499363888888888,39.9,42.0,-2.1
59.1,43.506594444444445,13.499366666666665,40.0,42.0,-2.0
59.2,43.50658333333333,13.499369444444444,40.1,42.0,-1.9
59.3,43.506572222222225,13.499372222222222,40.2,42.0,-1.8
59.4,43.50655833333333,13.499374999999999,40.2,42.0,-1.8
59.5,43.506547222222224,13.499377777777777,40.4,42.0,-1.6
59.6,43.50653611111111,13.499380555555554,40.5,42.0,-1.5
59.7,43.506525,13.499383333333332,40.6,42.0,-1.4
59.8,43.50651666666667,13.49938611111111,40.6,42.0,-1.4
59.9,43.506505555555556,13.49938611111111,40.7,42.0,-1.3
60.0,43.50649722222222,13.499388888888888,40.7,42.0,-1.3
60.1,43.50648611111111,13.499391666666666,40.7,42.0,-1.3
60.2,43.506477777777775,13.499394444444444,40.7,42.0,-1.3
60.3,43.50646944444444,13.499394444444444,40.7,41.0,-0.3
60.4,43.50646111111111,13.499397222222221,40.8,41.0,-0.2
60.5,43.50645277777778,13.499397222222221,40.8,41.0,-0.2
60.6,43.50644722222222,13.4994,40.8,41.0,-0.2
60.7,43.50643888888889,13.4994,40.9,41.0,-0.1
60.8,43.50643055555555,13.499402777777776,41.0,41.0,0.0
60.9,43.506425,13.499402777777776,41.0,41.0,0.0
61.0,43.50641944444445,13.499405555555555,41.1,41.0,0.1
61.1,43.50641111111111,13.499405555555555,41.1,41.0,0.1
61.2,43.50640555555555,13.499408333333333,41.1,41.0,0.1
61.3,43.5064,13.499408333333333,41.2,41.0,0.2
61.4,43.506394444444446,13.49941111111111,41.3,41.0,0.3
61.5,43.506388888888885,13.49941111111111,41.3,41.0,0.3
61.6,43.50638333333333,13.499413888888888,41.3,41.0,0.3
61.7,43.50637777777778,13.499413888888888,41.3,41.0,0.3
61.8,43.506372222222225,13.499416666666665,41.3,41.0,0.3
61.9,43.506366666666665,13.499416666666665,41.4,41.0,0.4
62.0,43.50636388888889,13.499416666666665,41.4,41.0,0.4
62.1,43.50635833333333,13.499419444444444,41.4,41.0,0.4
62.2,43.50635555555556,13.499419444444444,41.3,41.0,0.3
62.3,43.50635,13.499419444444444,41.3,41.0,0.3
62.4,43.506347222222225,13.499419444444444,41.3,41.0,0.3
62.5,43.506344444444444,13.499422222222222,41.3,41.0,0.3
62.6,43.506341666666664,13.499422222222222,41.3,41.0,0.3
62.7,43.50633611111111,13.499422222222222,41.3,41.0,0.3
62.8,43.50633333333333,13.499422222222222,41.2,41.0,0.2
63.0,43.50632777777778,13.499422222222222,41.2,41.0,0.2
63.1,43.506325,13.499424999999999,41.3,41.0,0.3
63.2,43.506325,13.499424999999999,41.3,41.0,0.3
63.3,43.506322222222224,13.499424999999999,41.3,41.0,0.3
63.5,43.50631666666666,13.499424999999999,41.3,41.0,0.3
63.6,43.50631388888889,13.499427777777777,41.3,41.0,0.3
63.7,43.50631111111111,13.499427777777777,41.3,41.0,0.3
63.8,43.50631111111111,13.499427777777777,41.3,41.0,0.3
63.9,43.50630833333334,13.499427777777777,41.3,41.0,0.3
64.0,43.50630833333334,13.499427777777777,41.4,41.0,0.4
64.2,43.50630555555556,13.499427777777777,41.4,41.0,0.4
64.3,43.506302777777776,13.499430555555556,41.4,41.0,0.4
64.5,43.5063,13.499430555555556,41.4,41.0,0.4
64.6,43.5063,13.499430555555556,41.4,41.0,0.4
64.7,43.5063,13.499430555555556,41.4,41.0,0.4
64.8,43.50629722222222,13.499430555555556,41.4,41.0,0.4
64.9,43.50629722222222,13.499430555555556,41.5,41.0,0.5
65.0,43.50629722222222,13.499430555555556,41.5,41.0,0.5
65.1,43.50629444444444,13.499430555555556,41.5,41.0,0.5
65.2,43.50629444444444,13.499430555555556,41.5,41.0,0.5
65.3,43.50629444444444,13.499430555555556,41.5,41.0,0.5
65.4,43.50629166666667,13.499433333333332,41.5,41.0,0.5
65.5,43.50629166666667,13.499433333333332,41.5,41.0,0.5
65.6,43.50629166666667,13.499433333333332,41.5,41.0,0.5
65.7,43.50628888888889,13.499433333333332,41.5,41.0,0.5
65.8,43.50628888888889,13.499433333333332,41.5,41.0,0.5
65.9,43.50628888888889,13.499433333333332,41.5,41.0,0.5
66.0,43.50628611111111,13.499433333333332,41.6,41.0,0.6
66.1,43.50628611111111,13.499433333333332,41.6,41.0,0.6
66.2,43.50628611111111,13.49943611111111,41.6,41.0,0.6
66.3,43.506283333333336,13.49943611111111,41.6,41.0,0.6
66.4,43.506283333333336,13.49943611111111,41.6,41.0,0.6
66.5,43.506280555555556,13.49943611111111,41.6,41.0,0.6
66.6,43.506280555555556,13.49943611111111,41.6,41.0,0.6
66.7,43.506277777777775,13.499438888888887,41.6,41.0,0.6
66.8,43.506275,13.499438888888887,41.6,41.0,0.6
66.9,43.506275,13.499438888888887,41.6,41.0,0.6
67.0,43.50627222222222,13.499438888888887,41.6,41.0,0.6
67.1,43.50626944444444,13.499438888888887,41.6,41.0,0.6
67.2,43.50626944444444,13.499441666666666,41.6,41.0,0.6
67.4,43.50626388888889,13.499441666666666,41.6,41.0,0.6
67.6,43.506258333333335,13.499444444444444,41.6,41.0,0.6
67.8,43.506252777777775,13.499447222222221,41.5,41.0,0.5
67.9,43.50624722222222,13.499447222222221,41.5,41.0,0.5
68.1,43.50624166666667,13.49945,41.5,41.0,0.5
68.3,43.506233333333334,13.499452777777776,41.5,41.0,0.5
68.5,43.50622777777778,13.499455555555555,41.5,41.0,0.5
68.6,43.50622222222222,13.499455555555555,41.5,41.0,0.5
68.8,43.50621666666667,13.499458333333333,41.5,41.0,0.5
68.9,43.506211111111114,13.49946111111111,41.5,41.0,0.5
69.1,43.50620277777778,13.499463888888888,41.5,41.0,0.5
69.2,43.50619722222222,13.499463888888888,41.4,41.0,0.4
69.4,43.506188888888886,13.499469444444443,41.4,41.0,0.4
69.6,43.50617777777778,13.499472222222222,41.4,41.0,0.4
69.8,43.506166666666665,13.499474999999999,41.4,41.0,0.4
70.0,43.50615555555556,13.499480555555555,41.4,41.0,0.4
70.2,43.506144444444445,13.499483333333332,41.4,41.0,0.4
70.4,43.50613333333333,13.499488888888887,41.4,41.0,0.4
70.5,43.506125,13.499488888888887,41.5,41.0,0.5
70.7,43.50611388888889,13.499494444444444,41.5,41.0,0.5
70.9,43.5061,13.499497222222221,41.5,41.0,0.5
71.1,43.50608888888889,13.499502777777776,41.5,41.0,0.5
71.3,43.506075,13.499505555555555,41.5,41.0,0.5
71.5,43.50606388888889,13.49951111111111,41.5,41.0,0.5
71.7,43.506052777777775,13.499513888888888,41.5,41.0,0.5
71.9,43.50603888888889,13.499519444444443,41.5,41.0,0.5
72.0,43.506033333333335,13.499522222222222,41.5,41.0,0.5
72.1,43.50602777777778,13.499522222222222,41.5,41.0,0.5
72.2,43.50601944444445,13.499524999999998,41.5,41.0,0.5
72.3,43.50601388888889,13.499527777777777,41.5,41.0,0.5
72.4,43.506008333333334,13.499530555555555,41.5,41.0,0.5
72.5,43.506,13.499533333333332,41.5,41.0,0.5
72.7,43.505988888888886,13.49953611111111,41.5,41.0,0.5
72.9,43.505975,13.499541666666666,41.5,41.0,0.5
73.1,43.50596111111111,13.49954722222222,41.5,42.0,-0.5
73.3,43.505947222222225,13.499552777777778,41.5,42.0,-0.5
73.5,43.50593333333333,13.499558333333333,41.5,42.0,-0.5
73.7,43.505916666666664,13.499563888888888,41.5,42.0,-0.5
73.9,43.50590277777778,13.499569444444443,41.5,42.0,-0.5
74.1,43.50588611111111,13.499574999999998,41.5,42.0,-0.5
74.3,43.50586944444444,13.499580555555555,41.5,42.0,-0.5
74.5,43.505852777777775,13.49958611111111,41.6,42.0,-0.4
74.7,43.50583611111111,13.499591666666666,41.6,42.0,-0.4
74.9,43.50581944444444,13.49959722222222,41.6,42.0,-0.4
75.1,43.5058,13.499602777777778,41.6,42.0,-0.4
75.3,43.50578055555555,13.499608333333333,41.6,42.0,-0.4
75.5,43.505763888888886,13.499616666666666,41.6,42.0,-0.4
75.7,43.505744444444446,13.499622222222222,41.6,42.0,-0.4
75.9,43.505722222222225,13.499627777777777,41.6,42.0,-0.4
76.1,43.50570277777778,13.49963611111111,41.6,42.0,-0.4
76.2,43.505694444444444,13.499638888888889,41.6,43.0,-1.4
76.3,43.50568333333333,13.499641666666665,41.6,43.0,-1.4
76.5,43.50566388888889,13.49964722222222,41.6,43.0,-1.4
76.6,43.505652777777776,13.499652777777778,41.7,43.0,-1.3
76.7,43.50564444444444,13.499655555555554,41.7,43.0,-1.3
76.8,43.505633333333336,13.499658333333333,41.7,43.0,-1.3
76.9,43.505625,13.499661111111111,41.7,43.0,-1.3
77.0,43.50561388888889,13.499666666666666,41.7,43.0,-1.3
77.1,43.505602777777774,13.499669444444443,41.7,43.0,-1.3
77.2,43.50559444444445,13.499672222222221,41.7,43.0,-1.3
77.3,43.505583333333334,13.499675,41.7,43.0,-1.3
77.4,43.505575,13.499677777777777,41.7,43.0,-1.3
77.6,43.50555555555555,13.49968611111111,41.7,43.0,-1.3
77.7,43.505544444444446,13.499688888888889,41.7,43.0,-1.3
77.9,43.505525,13.499697222222222,41.7,43.0,-1.3
78.0,43.50551388888889,13.499699999999999,41.8,43.0,-1.2
78.2,43.505494444444444,13.499708333333333,41.8,43.0,-1.2
78.3,43.50548333333333,13.499711111111111,41.8,43.0,-1.2
78.4,43.505472222222224,13.499713888888888,41.8,43.0,-1.2
78.6,43.505452777777776,13.499722222222221,41.8,43.0,-1.2
78.8,43.505430555555556,13.499730555555555,41.8,43.0,-1.2
79.0,43.505408333333335,13.49973611111111,41.9,44.0,-2.1
79.2,43.50538888888889,13.499744444444444,41.9,44.0,-2.1
79.4,43.50536666666667,13.499752777777777,41.9,44.0,-2.1
79.6,43.50534444444445,13.49976111111111,41.9,44.0,-2.1
79.8,43.50532222222222,13.499766666666666,41.9,44.0,-2.1
79.9,43.50531111111111,13.499772222222221,42.0,44.0,-2.0
80.0,43.5053,13.499775,42.0,44.0,-2.0
80.1,43.50528888888889,13.499780555555555,42.0,44.0,-2.0
80.2,43.50527777777778,13.499783333333333,42.0,44.0,-2.0
80.3,43.505269444444444,13.499788888888888,42.0,44.0,-2.0
80.4,43.50525833333333,13.499791666666665,42.0,44.0,-2.0
80.5,43.50524722222222,13.499794444444444,42.0,44.0,-2.0
80.7,43.505225,13.499802777777777,42.0,44.0,-2.0
80.8,43.50521388888889,13.499808333333332,42.0,44.0,-2.0
81.0,43.50519166666667,13.499813888888887,42.0,44.0,-2.0
81.1,43.505180555555555,13.499816666666666,42.1,44.0,-1.9
81.2,43.50516944444445,13.499822222222221,42.0,44.0,-2.0
81.3,43.505158333333334,13.499825,42.0,44.0,-2.0
81.4,43.50514722222222,13.499827777777776,42.0,44.0,-2.0
81.6,43.505125,13.499833333333333,42.0,44.0,-2.0
81.7,43.505116666666666,13.49983611111111,41.9,44.0,-2.1
81.8,43.50510555555555,13.499838888888888,41.8,44.0,-2.2
81.9,43.505094444444445,13.499841666666665,41.8,44.0,-2.2
82.0,43.50508333333333,13.499844444444443,41.7,44.0,-2.3
82.1,43.505072222222225,13.499847222222222,41.7,44.0,-2.3
82.2,43.50506111111111,13.499849999999999,41.6,44.0,-2.4
82.3,43.50505,13.499852777777777,41.6,44.0,-2.4
82.5,43.50502777777778,13.499855555555555,41.5,44.0,-2.5
82.6,43.50501666666667,13.499858333333332,41.5,44.0,-2.5
82.7,43.505005555555556,13.499858333333332,41.4,44.0,-2.6
82.8,43.50499444444444,13.49986111111111,41.4,43.0,-1.6
82.9,43.504983333333335,13.49986111111111,41.3,43.0,-1.7
83.0,43.50497222222222,13.499863888888887,41.3,43.0,-1.7
83.2,43.50494722222222,13.499863888888887,41.2,43.0,-1.8
83.4,43.504925,13.499863888888887,41.1,43.0,-1.9
83.6,43.5049,13.499863888888887,41.0,43.0,-2.0
83.8,43.50487777777778,13.49986111111111,40.9,43.0,-2.1
84.0,43.50485555555556,13.499858333333332,40.7,43.0,-2.3
84.2,43.50483055555556,13.499855555555555,40.6,43.0,-2.4
84.4,43.50480833333334,13.499849999999999,40.4,43.0,-2.6
84.6,43.504783333333336,13.499844444444443,40.2,43.0,-2.8
84.8,43.50476111111111,13.499838888888888,40.1,43.0,-2.9
85.0,43.50473888888889,13.499830555555555,39.9,43.0,-3.1
85.2,43.50471388888889,13.499822222222221,39.8,43.0,-3.2
85.4,43.504691666666666,13.499813888888887,39.8,43.0,-3.2
85.6,43.504666666666665,13.499802777777777,39.7,43.0,-3.3
85.8,43.504644444444445,13.499791666666665,39.5,43.0,-3.5
86.0,43.504622222222224,13.499780555555555,39.4,43.0,-3.6
86.2,43.5046,13.499766666666666,39.2,43.0,-3.8
86.4,43.504575,13.499755555555554,39.0,43.0,-4.0
86.6,43.504552777777775,13.499741666666665,38.9,43.0,-4.1
86.8,43.50452777777778,13.499727777777776,38.8,43.0,-4.2
87.0,43.50450555555555,13.499713888888888,38.7,42.0,-3.3
87.2,43.50448333333333,13.499697222222222,38.6,42.0,-3.4
87.4,43.50446111111111,13.499683333333332,38.5,42.0,-3.5
87.5,43.504447222222225,13.499675,38.5,42.0,-3.5
87.6,43.50443611111111,13.499666666666666,38.4,42.0,-3.6
87.7,43.504425,13.499658333333333,38.4,42.0,-3.6
87.8,43.50441388888889,13.499652777777778,38.4,42.0,-3.6
87.9,43.50440277777778,13.499644444444444,38.3,42.0,-3.7
88.1,43.50438055555556,13.499627777777777,38.2,42.0,-3.8
88.3,43.504355555555556,13.49961111111111,38.2,42.0,-3.8
88.4,43.50434444444444,13.499602777777778,38.1,42.0,-3.9
88.5,43.504333333333335,13.499594444444444,38.1,42.0,-3.9
88.6,43.50432222222222,13.49958611111111,38.1,42.0,-3.9
88.7,43.504311111111114,13.499577777777777,38.1,42.0,-3.9
88.8,43.5043,13.499569444444443,38.0,42.0,-4.0
88.9,43.50428888888889,13.49956111111111,38.0,42.0,-4.0
89.0,43.504275,13.499555555555554,38.0,42.0,-4.0
89.1,43.504263888888886,13.49954722222222,38.0,42.0,-4.0
89.2,43.50425277777778,13.499538888888887,38.0,42.0,-4.0
89.3,43.504241666666665,13.499530555555555,37.9,42.0,-4.1
89.4,43.50423055555556,13.499522222222222,37.9,42.0,-4.1
89.5,43.504219444444445,13.499513888888888,37.9,42.0,-4.1
89.6,43.50420555555556,13.499505555555555,37.9,42.0,-4.1
89.7,43.504194444444444,13.499497222222221,37.9,42.0,-4.1
89.8,43.50418333333333,13.499488888888887,37.9,42.0,-4.1
89.9,43.50417222222222,13.499480555555555,37.8,42.0,-4.2
90.0,43.504158333333336,13.499472222222222,37.8,42.0,-4.2
90.1,43.50414722222222,13.499463888888888,37.8,42.0,-4.2
90.2,43.50413611111111,13.499455555555555,37.8,42.0,-4.2
90.3,43.504125,13.499447222222221,37.8,42.0,-4.2
90.5,43.5041,13.499433333333332,37.8,42.0,-4.2
90.7,43.504075,13.499416666666665,37.8,41.0,-3.2
90.9,43.50405277777778,13.4994,37.8,41.0,-3.2
91.1,43.50402777777778,13.499383333333332,37.8,41.0,-3.2
91.3,43.50400277777778,13.499366666666665,37.8,41.0,-3.2
91.5,43.50398055555556,13.49935,37.8,41.0,-3.2
91.7,43.50395555555556,13.499333333333333,37.8,41.0,-3.2
91.9,43.503930555555556,13.499316666666665,37.8,41.0,-3.2
92.1,43.503908333333335,13.4993,37.7,41.0,-3.3
92.2,43.50389444444444,13.499291666666666,37.8,41.0,-3.2
92.3,43.503883333333334,13.499283333333333,37.8,41.0,-3.2
92.4,43.50387222222222,13.499274999999999,37.7,41.0,-3.3
92.6,43.50384722222222,13.499258333333332,37.7,41.0,-3.3
92.7,43.50383611111111,13.49925,37.7,41.0,-3.3
92.8,43.503825,13.499241666666666,37.7,41.0,-3.3
93.0,43.5038,13.499225,37.7,41.0,-3.3
93.1,43.50378888888889,13.499216666666666,37.7,41.0,-3.3
93.2,43.503775,13.499208333333332,37.7,41.0,-3.3
93.3,43.50376388888889,13.499199999999998,37.8,41.0,-3.2
93.5,43.50373888888889,13.499183333333333,37.8,41.0,-3.2
93.6,43.503727777777776,13.499175,37.8,41.0,-3.2
93.7,43.50371666666667,13.499166666666666,37.8,41.0,-3.2
93.9,43.50369166666667,13.499149999999998,37.8,41.0,-3.2
94.0,43.503680555555555,13.499141666666667,37.8,41.0,-3.2
94.1,43.50366666666667,13.499133333333333,37.8,41.0,-3.2
94.3,43.50364166666667,13.499116666666666,37.9,41.0,-3.1
94.4,43.50363055555555,13.499108333333332,37.9,41.0,-3.1
94.6,43.50360555555555,13.499091666666667,37.9,42.0,-4.1
94.7,43.503594444444445,13.499083333333333,37.9,42.0,-4.1
94.8,43.50358055555556,13.499075,37.9,42.0,-4.1
94.9,43.503569444444445,13.499066666666666,38.0,42.0,-4.0
95.0,43.50355833333333,13.499055555555556,38.0,42.0,-4.0
95.1,43.503544444444444,13.499047222222222,38.0,42.0,-4.0
95.3,43.50351944444444,13.499033333333333,38.0,42.0,-4.0
95.4,43.503508333333336,13.499025,38.1,43.0,-4.9
95.6,43.503483333333335,13.499005555555554,38.1,43.0,-4.9
95.8,43.503458333333334,13.498988888888888,38.1,43.0,-4.9
95.9,43.50344444444445,13.498980555555555,38.1,43.0,-4.9
96.0,43.503433333333334,13.498972222222221,38.2,43.0,-4.8
96.1,43.50342222222222,13.498963888888888,38.2,43.0,-4.8
96.3,43.50339722222222,13.498947222222222,38.2,44.0,-5.8
96.4,43.50338333333333,13.498938888888889,38.2,44.0,-5.8
96.6,43.50335833333333,13.498922222222221,38.2,44.0,-5.8
96.7,43.503347222222224,13.498913888888888,38.2,44.0,-5.8
96.8,43.50333333333333,13.498902777777777,38.2,44.0,-5.8
96.9,43.503322222222224,13.498894444444444,38.2,44.0,-5.8
97.0,43.50330833333334,13.49888611111111,38.2,44.0,-5.8
97.1,43.50329722222222,13.498877777777777,38.2,44.0,-5.8
97.2,43.503283333333336,13.498869444444443,38.2,44.0,-5.8
97.3,43.50327222222222,13.49886111111111,38.2,44.0,-5.8
97.4,43.503258333333335,13.498852777777778,38.2,44.0,-5.8
97.5,43.50324722222222,13.498844444444444,38.2,44.0,-5.8
97.6,43.503233333333334,13.49883611111111,38.2,44.0,-5.8
97.7,43.50321944444445,13.498827777777777,38.2,44.0,-5.8
97.8,43.50320833333333,13.498816666666666,38.2,44.0,-5.8
97.9,43.503194444444446,13.498808333333333,38.2,44.0,-5.8
98.0,43.50318333333333,13.4988,38.2,44.0,-5.8
98.1,43.503169444444445,13.498791666666666,38.2,44.0,-5.8
98.2,43.50315555555556,13.498783333333332,38.2,44.0,-5.8
98.3,43.503144444444445,13.498772222222222,38.3,44.0,-5.7
98.4,43.50313055555556,13.498763888888888,38.3,44.0,-5.7
98.5,43.503119444444444,13.498755555555555,38.3,44.0,-5.7
98.6,43.50310555555556,13.498747222222221,38.3,44.0,-5.7
98.7,43.50309166666667,13.498738888888887,38.3,44.0,-5.7
98.8,43.503080555555556,13.498727777777777,38.3,44.0,-5.7
98.9,43.50306666666667,13.498719444444443,38.3,43.0,-4.7
99.0,43.503052777777775,13.49871111111111,38.4,43.0,-4.6
99.1,43.50303888888889,13.498702777777776,38.4,43.0,-4.6
99.2,43.50302777777778,13.498691666666666,38.4,43.0,-4.6
99.3,43.50301388888889,13.498683333333332,38.4,43.0,-4.6
99.4,43.503,13.498674999999999,38.4,43.0,-4.6
99.5,43.502988888888886,13.498666666666665,38.4,43.0,-4.6
99.6,43.502975,13.498655555555555,38.4,43.0,-4.6
99.7,43.50296111111111,13.498647222222221,38.4,43.0,-4.6
99.8,43.502947222222225,13.498638888888888,38.4,43.0,-4.6
99.9,43.50293333333333,13.498627777777777,38.4,43.0,-4.6
100.0,43.502922222222224,13.498619444444444,38.4,43.0,-4.6
100.1,43.50290833333333,13.49861111111111,38.4,42.0,-3.6
100.2,43.50289444444444,13.498602777777776,38.4,42.0,-3.6
100.3,43.502880555555556,13.498591666666666,38.4,42.0,-3.6
100.4,43.50286944444444,13.498583333333332,38.4,42.0,-3.6
100.5,43.502855555555556,13.498574999999999,38.5,42.0,-3.5
100.6,43.50284166666667,13.498563888888889,38.5,42.0,-3.5
100.7,43.502827777777775,13.498555555555555,38.5,42.0,-3.5
100.8,43.50281388888889,13.498547222222221,38.5,42.0,-3.5
100.9,43.50280277777778,13.498536111111111,38.5,42.0,-3.5
101.0,43.50278888888889,13.498527777777777,38.5,42.0,-3.5
101.2,43.50276111111111,13.498508333333332,38.5,42.0,-3.5
101.3,43.50274722222222,13.4985,38.5,42.0,-3.5
101.4,43.50273611111111,13.498491666666666,38.6,42.0,-3.4
101.5,43.502722222222225,13.498480555555554,38.6,42.0,-3.4
101.6,43.50270833333333,13.49847222222222,38.6,43.0,-4.4
101.7,43.502694444444444,13.498463888888889,38.6,43.0,-4.4
101.8,43.50268055555556,13.498452777777777,38.6,43.0,-4.4
101.9,43.50266666666667,13.498444444444443,38.6,43.0,-4.4
102.0,43.502655555555556,13.49843611111111,38.7,43.0,-4.3
102.1,43.50264166666667,13.498425,38.7,43.0,-4.3
102.2,43.502627777777775,13.498416666666666,38.7,43.0,-4.3
102.3,43.50261388888889,13.498408333333332,38.7,43.0,-4.3
102.4,43.5026,13.498397222222222,38.7,43.0,-4.3
102.5,43.502586111111114,13.498388888888888,38.8,43.0,-4.2
102.6,43.50257222222222,13.498380555555554,38.8,43.0,-4.2
102.7,43.50256111111111,13.498369444444444,38.8,43.0,-4.2
102.8,43.50254722222222,13.49836111111111,38.8,43.0,-4.2
102.9,43.50253333333333,13.498352777777777,38.9,43.0,-4.1
103.0,43.502519444444445,13.498341666666667,38.9,43.0,-4.1
103.1,43.50250555555556,13.498333333333333,38.9,43.0,-4.1
103.2,43.502491666666664,13.498325,39.0,43.0,-4.0
103.3,43.50248055555556,13.498313888888887,39.0,43.0,-4.0
103.5,43.502452777777776,13.498297222222222,39.0,43.0,-4.0
103.6,43.50243888888889,13.49828611111111,39.0,43.0,-4.0
103.7,43.502425,13.498277777777776,39.1,43.0,-3.9
103.8,43.50241388888889,13.498266666666666,39.1,43.0,-3.9
103.9,43.5024,13.498258333333332,39.1,43.0,-3.9
104.0,43.502386111111115,13.498249999999999,39.1,43.0,-3.9
104.1,43.50237222222222,13.498238888888888,39.2,43.0,-3.8
104.2,43.50235833333333,13.498230555555555,39.2,43.0,-3.8
104.3,43.50234722222222,13.498222222222221,39.2,43.0,-3.8
104.4,43.50233333333333,13.498211111111111,39.3,43.0,-3.7
104.5,43.502319444444446,13.498202777777777,39.3,43.0,-3.7
104.6,43.50230555555556,13.498194444444444,39.4,43.0,-3.6
104.7,43.502294444444445,13.498183333333332,39.4,43.0,-3.6
104.8,43.50228055555556,13.498175,39.4,43.0,-3.6
104.9,43.502266666666664,13.498166666666666,39.4,43.0,-3.6
105.0,43.50225277777778,13.498155555555554,39.5,43.0,-3.5
105.1,43.50223888888889,13.49814722222222,39.5,43.0,-3.5
105.2,43.502227777777776,13.498138888888889,39.6,43.0,-3.4
105.3,43.50221388888889,13.498130555555555,39.6,43.0,-3.4
105.5,43.50218611111111,13.498111111111111,39.7,43.0,-3.3
105.6,43.502175,13.498102777777778,39.7,43.0,-3.3
105.7,43.502161111111114,13.498091666666665,39.8,43.0,-3.2
105.8,43.50214722222222,13.498083333333332,39.8,43.0,-3.2
105.9,43.50213333333333,13.498075,39.8,43.0,-3.2
106.0,43.50212222222222,13.498063888888888,39.8,43.0,-3.2
106.1,43.50210833333333,13.498055555555554,39.8,43.0,-3.2
106.2,43.502094444444445,13.498044444444444,39.8,43.0,-3.2
106.3,43.50208055555556,13.49803611111111,39.9,44.0,-4.1
106.4,43.502069444444444,13.498027777777777,39.9,44.0,-4.1
106.5,43.50205555555556,13.498016666666667,39.9,44.0,-4.1
106.6,43.50204166666666,13.498008333333333,39.9,44.0,-4.1
106.7,43.50203055555556,13.49799722222222,39.9,44.0,-4.1
106.8,43.50201666666667,13.497988888888887,39.9,44.0,-4.1
106.9,43.502002777777776,13.497980555555555,40.0,44.0,-4.0
107.0,43.50198888888889,13.497969444444443,40.0,44.0,-4.0
107.1,43.501977777777775,13.49796111111111,40.0,44.0,-4.0
107.2,43.50196388888889,13.49795,40.0,44.0,-4.0
107.3,43.50195,13.497941666666666,40.0,44.0,-4.0
107.4,43.501936111111114,13.497933333333332,40.0,44.0,-4.0
107.5,43.501925,13.497922222222222,40.1,44.0,-3.9
107.6,43.50191111111111,13.497913888888888,40.1,44.0,-3.9
107.7,43.50189722222222,13.497905555555555,40.1,44.0,-3.9
107.8,43.50188611111111,13.497894444444444,40.1,44.0,-3.9
107.9,43.501872222222225,13.49788611111111,40.1,45.0,-4.9
108.0,43.50185833333333,13.497877777777777,40.1,45.0,-4.9
108.1,43.501844444444444,13.497866666666665,40.1,45.0,-4.9
108.2,43.50183333333333,13.497858333333333,40.1,45.0,-4.9
108.3,43.50181944444444,13.49785,40.2,45.0,-4.8
108.4,43.501805555555556,13.497841666666666,40.2,45.0,-4.8
108.5,43.50179166666667,13.497830555555554,40.2,45.0,-4.8
108.6,43.501780555555555,13.497822222222222,40.3,45.0,-4.7
108.7,43.50176666666667,13.497813888888889,40.3,45.0,-4.7
108.8,43.501752777777774,13.497802777777776,40.3,45.0,-4.7
108.9,43.50174166666667,13.497794444444443,40.3,45.0,-4.7
109.0,43.50172777777778,13.497786111111111,40.4,46.0,-5.6
109.1,43.50171388888889,13.497777777777777,40.4,46.0,-5.6
109.2,43.5017,13.497769444444444,40.4,46.0,-5.6
109.3,43.501688888888886,13.497758333333332,40.5,46.0,-5.5
109.4,43.501675,13.49775,40.5,46.0,-5.5
109.5,43.50166111111111,13.497741666666666,40.5,46.0,-5.5
109.6,43.501647222222225,13.497733333333333,40.6,46.0,-5.4
109.7,43.50163611111111,13.49772222222222,40.6,46.0,-5.4
109.8,43.501622222222224,13.497713888888889,40.7,46.0,-5.3
109.9,43.50160833333333,13.497705555555555,40.7,46.0,-5.3
110.0,43.50159722222222,13.497697222222222,40.7,46.0,-5.3
110.1,43.501583333333336,13.49768611111111,40.8,46.0,-5.2
110.2,43.50156944444444,13.497677777777778,40.8,46.0,-5.2
110.3,43.501558333333335,13.497669444444444,40.8,46.0,-5.2
110.4,43.50154444444444,13.49766111111111,40.8,46.0,-5.2
110.5,43.501530555555554,13.497652777777777,40.9,47.0,-6.1
110.6,43.50151944444445,13.497641666666667,40.9,47.0,-6.1
110.7,43.50150555555555,13.497633333333333,41.0,47.0,-6.0
110.8,43.501491666666666,13.497625,41.0,47.0,-6.0
110.9,43.50148055555555,13.497616666666666,41.1,47.0,-5.9
111.0,43.501466666666666,13.497608333333332,41.1,47.0,-5.9
111.1,43.50145555555556,13.497599999999998,41.2,47.0,-5.8
111.2,43.501441666666665,13.497588888888888,41.2,47.0,-5.8
111.3,43.50142777777778,13.497580555555555,41.3,47.0,-5.7
111.4,43.501416666666664,13.497572222222221,41.4,47.0,-5.6
111.5,43.50140277777778,13.497563888888887,41.5,47.0,-5.5
111.6,43.50139166666666,13.497555555555556,41.5,47.0,-5.5
111.7,43.501377777777776,13.497547222222222,41.6,47.0,-5.4
111.8,43.50136666666667,13.497538888888888,41.6,47.0,-5.4
111.9,43.501352777777775,13.497527777777776,41.7,47.0,-5.3
112.0,43.50133888888889,13.497519444444444,41.8,47.0,-5.2
112.1,43.501327777777774,13.49751111111111,41.8,47.0,-5.2
112.2,43.50131388888889,13.497502777777777,41.9,47.0,-5.1
112.3,43.50130277777778,13.497494444444444,42.0,47.0,-5.0
112.4,43.50129166666667,13.49748611111111,42.0,47.0,-5.0
112.5,43.50127777777778,13.497477777777776,42.1,47.0,-4.9
112.6,43.501266666666666,13.497469444444443,42.2,47.0,-4.8
112.7,43.50125277777778,13.497461111111111,42.3,47.0,-4.7
112.8,43.501241666666665,13.497452777777777,42.3,47.0,-4.7
112.9,43.50122777777778,13.497444444444444,42.4,47.0,-4.6
113.0,43.501216666666664,13.49743611111111,42.4,47.0,-4.6
113.1,43.50120277777778,13.497425,42.6,47.0,-4.4
113.2,43.501191666666664,13.497416666666666,42.7,47.0,-4.3
113.3,43.50118055555556,13.497408333333333,42.7,47.0,-4.3
113.4,43.50116666666667,13.497399999999999,42.8,47.0,-4.2
113.5,43.501155555555556,13.497391666666665,42.9,47.0,-4.1
113.6,43.50114166666667,13.497383333333332,43.0,47.0,-4.0
113.7,43.501130555555555,13.497375,43.1,47.0,-3.9
113.8,43.50111944444444,13.497366666666666,43.2,47.0,-3.8
113.9,43.501105555555554,13.497358333333333,43.2,48.0,-4.8
114.0,43.50109444444445,13.497349999999999,43.3,48.0,-4.7
114.1,43.501083333333334,13.497341666666665,43.4,48.0,-4.6
114.2,43.50106944444445,13.497333333333332,43.5,48.0,-4.5
114.3,43.50105833333333,13.497325,43.6,48.0,-4.4
114.4,43.501044444444446,13.497313888888888,43.7,48.0,-4.3
114.5,43.50103333333333,13.497305555555554,43.8,48.0,-4.2
114.6,43.501022222222225,13.49729722222222,43.9,48.0,-4.1
114.7,43.50100833333333,13.497288888888889,44.0,48.0,-4.0
114.8,43.500997222222225,13.497280555555555,44.0,48.0,-4.0
114.9,43.50098611111111,13.497272222222222,44.1,48.0,-3.9
115.0,43.500972222222224,13.497263888888888,44.2,49.0,-4.8
115.1,43.50096111111111,13.497252777777778,44.3,49.0,-4.7
115.2,43.50094722222222,13.497244444444444,44.4,49.0,-4.6
115.3,43.50093611111111,13.49723611111111,44.5,49.0,-4.5
115.4,43.500925,13.497227777777777,44.6,49.0,-4.4
115.5,43.50091111111111,13.497219444444443,44.7,49.0,-4.3
115.6,43.5009,13.49721111111111,44.7,49.0,-4.3
115.7,43.500886111111114,13.497202777777776,44.7,49.0,-4.3
115.8,43.500875,13.497194444444444,44.9,50.0,-5.1
115.9,43.500861111111114,13.49718611111111,45.0,50.0,-5.0
116.0,43.50085,13.497177777777777,45.1,50.0,-4.9
116.1,43.500838888888886,13.497166666666665,45.1,50.0,-4.9
116.3,43.50081388888889,13.49715,45.3,50.0,-4.7
116.4,43.5008,13.497141666666666,45.3,50.0,-4.7
116.6,43.500775,13.497124999999999,45.4,50.0,-4.6
116.7,43.50076388888889,13.497116666666665,45.5,51.0,-5.5
116.8,43.50075,13.497108333333333,45.5,51.0,-5.5
116.9,43.50073888888889,13.4971,45.6,51.0,-5.4
117.0,43.500725,13.497091666666666,45.6,51.0,-5.4
117.1,43.50071388888889,13.497083333333332,45.6,51.0,-5.4
117.2,43.5007,13.497074999999999,45.7,51.0,-5.3
117.3,43.50068888888889,13.497066666666665,45.7,51.0,-5.3
117.4,43.500675,13.497058333333333,45.8,51.0,-5.2
117.5,43.50066388888889,13.49705,45.8,51.0,-5.2
117.6,43.50065,13.497041666666666,45.9,51.0,-5.1
117.7,43.500638888888886,13.497036111111111,45.9,51.0,-5.1
117.8,43.500625,13.497027777777777,46.0,52.0,-6.0
117.9,43.50061111111111,13.497019444444444,46.0,52.0,-6.0
118.0,43.5006,13.49701111111111,46.1,52.0,-5.9
118.1,43.50058611111111,13.497005555555555,46.2,52.0,-5.8
118.2,43.500575,13.496997222222221,46.2,52.0,-5.8
118.3,43.50056111111111,13.496991666666666,46.3,52.0,-5.7
118.4,43.500547222222224,13.496983333333333,46.3,52.0,-5.7
118.5,43.50053333333334,13.496977777777778,46.5,52.0,-5.5
118.6,43.50052222222222,13.49697222222222,46.5,52.0,-5.5
118.7,43.500508333333336,13.496963888888889,46.7,52.0,-5.3
118.8,43.50049444444444,13.496958333333332,46.8,52.0,-5.2
118.9,43.500483333333335,13.496952777777777,46.9,53.0,-6.1
119.0,43.50046944444444,13.496947222222222,47.0,53.0,-6.0
119.1,43.500455555555554,13.496941666666666,47.1,53.0,-5.9
119.2,43.50044166666667,13.49693611111111,47.3,53.0,-5.7
119.3,43.50042777777778,13.496930555555554,47.3,53.0,-5.7
119.4,43.500416666666666,13.496925,47.5,53.0,-5.5
119.6,43.50038888888889,13.496916666666666,47.6,53.0,-5.4
119.8,43.50036111111111,13.496908333333332,47.8,53.0,-5.2
120.0,43.50033333333333,13.496899999999998,48.0,53.0,-5.0
120.2,43.50030833333334,13.496891666666667,48.2,54.0,-5.8
120.4,43.500280555555555,13.496883333333333,48.4,54.0,-5.6
120.6,43.500252777777774,13.496875,48.6,54.0,-5.4
120.8,43.500225,13.496866666666666,48.7,54.0,-5.3
121.0,43.50019722222222,13.49686111111111,48.9,54.0,-5.1
121.2,43.500169444444445,13.496852777777777,49.0,54.0,-5.0
121.4,43.500141666666664,13.496847222222222,49.2,54.0,-4.8
121.6,43.50011388888889,13.496841666666667,49.3,54.0,-4.7
121.8,43.50008611111111,13.49683611111111,49.4,54.0,-4.6
122.0,43.500058333333335,13.496827777777776,49.5,54.0,-4.5
122.2,43.500030555555554,13.496822222222221,49.6,54.0,-4.4
122.4,43.5,13.496816666666666,49.7,54.0,-4.3
122.6,43.499972222222226,13.49681111111111,49.8,54.0,-4.2
122.7,43.49995833333333,13.496808333333332,49.9,54.0,-4.1
122.8,43.499944444444445,13.496805555555556,49.9,54.0,-4.1
122.9,43.49993055555556,13.496802777777777,50.0,54.0,-4.0
123.1,43.49990277777778,13.496797222222222,50.0,54.0,-4.0
123.2,43.49988888888889,13.496794444444443,50.1,54.0,-3.9
123.3,43.499875,13.496788888888888,50.1,54.0,-3.9
123.4,43.49986111111111,13.49678611111111,50.2,54.0,-3.8
123.5,43.49984444444445,13.496783333333333,50.2,54.0,-3.8
123.6,43.499830555555555,13.496780555555555,50.3,54.0,-3.7
123.7,43.49981666666667,13.496777777777776,50.3,54.0,-3.7
123.8,43.49980277777778,13.496775,50.4,54.0,-3.6
124.0,43.499775,13.496769444444444,50.4,54.0,-3.6
124.1,43.49976111111111,13.496766666666666,50.5,54.0,-3.5
124.2,43.499747222222226,13.496763888888887,50.6,54.0,-3.4
124.3,43.49973333333333,13.49676111111111,50.6,54.0,-3.4
124.4,43.499719444444445,13.496758333333332,50.7,54.0,-3.3
124.5,43.49970555555556,13.496755555555554,50.7,54.0,-3.3
124.6,43.49968888888889,13.496752777777777,50.7,54.0,-3.3
124.7,43.499675,13.496749999999999,50.8,54.0,-3.2
124.9,43.49964722222222,13.496744444444444,50.8,55.0,-4.2
125.0,43.499633333333335,13.496741666666665,50.9,55.0,-4.1
125.1,43.49961944444445,13.496738888888888,51.0,55.0,-4.0
125.2,43.49960277777778,13.49673611111111,51.0,55.0,-4.0
125.3,43.49958888888889,13.496733333333333,51.1,55.0,-3.9
125.4,43.499575,13.496730555555555,51.1,55.0,-3.9
125.5,43.49956111111111,13.496727777777776,51.1,55.0,-3.9
125.6,43.499547222222226,13.496725,51.2,55.0,-3.8
125.8,43.499519444444445,13.496719444444444,51.2,55.0,-3.8
125.9,43.49950277777778,13.496716666666666,51.3,55.0,-3.7
126.0,43.49948888888889,13.496713888888888,51.4,55.0,-3.6
126.1,43.499475000000004,13.49671111111111,51.4,55.0,-3.6
126.2,43.49946111111111,13.496708333333332,51.5,55.0,-3.5
126.4,43.499430555555556,13.496702777777777,51.6,55.0,-3.4
126.6,43.49940277777778,13.496697222222222,51.7,55.0,-3.3
126.8,43.499375,13.496694444444444,51.8,55.0,-3.2
127.0,43.499344444444446,13.496688888888889,51.9,55.0,-3.1
127.2,43.499316666666665,13.496683333333333,52.1,55.0,-2.9
127.3,43.49930277777778,13.496680555555555,52.2,55.0,-2.8
127.5,43.499272222222224,13.496675,52.4,55.0,-2.6
127.6,43.49925833333334,13.496672222222221,52.4,55.0,-2.6
127.7,43.49924444444444,13.496669444444443,52.4,55.0,-2.6
127.8,43.499227777777776,13.496666666666666,52.5,55.0,-2.5
127.9,43.49921388888889,13.496663888888888,52.5,55.0,-2.5
128.0,43.4992,13.496661111111111,52.6,55.0,-2.4
128.2,43.49917222222222,13.496655555555554,52.7,55.0,-2.3
128.4,43.49914166666667,13.496647222222222,52.9,55.0,-2.1
128.6,43.49911388888889,13.496641666666665,53.1,55.0,-1.9
128.8,43.49908333333333,13.49663611111111,53.3,55.0,-1.7
129.0,43.49905555555556,13.496630555555555,53.4,55.0,-1.6
129.2,43.499027777777776,13.496625,53.6,55.0,-1.4
129.4,43.49899722222222,13.496619444444443,53.7,56.0,-2.3
129.6,43.49896666666667,13.496613888888888,53.9,56.0,-2.1
129.7,43.49895277777778,13.496611111111111,54.2,56.0,-1.8
129.9,43.498925,13.496602777777778,54.3,56.0,-1.7
130.0,43.49890833333333,13.496599999999999,54.4,56.0,-1.6
130.1,43.498894444444446,13.49659722222222,54.5,56.0,-1.5
130.2,43.49888055555556,13.496594444444444,54.7,56.0,-1.3
130.3,43.498866666666665,13.496591666666665,54.8,56.0,-1.2
130.4,43.498850000000004,13.496588888888889,54.9,56.0,-1.1
130.5,43.49883611111111,13.49658611111111,54.9,56.0,-1.1
130.6,43.49882222222222,13.496583333333332,55.1,57.0,-1.9
130.7,43.498805555555556,13.496580555555555,55.2,57.0,-1.8
130.8,43.49879166666667,13.496577777777777,55.3,57.0,-1.7
130.9,43.49877777777778,13.496575,55.4,57.0,-1.6
131.0,43.49876388888889,13.496572222222222,55.5,57.0,-1.5
131.1,43.49874722222222,13.496569444444443,55.6,58.0,-2.4
131.2,43.498733333333334,13.496566666666666,55.7,58.0,-2.3
131.3,43.49871944444445,13.496566666666666,55.8,58.0,-2.2
131.4,43.49870555555556,13.496563888888888,55.8,58.0,-2.2
131.5,43.49868888888889,13.49656111111111,56.0,58.0,-2.0
131.6,43.498675,13.496558333333333,56.1,58.0,-1.9
131.7,43.49866111111111,13.496555555555554,56.2,59.0,-2.8
131.8,43.498647222222225,13.496552777777778,56.3,59.0,-2.7
131.9,43.49863055555556,13.49655,56.4,59.0,-2.6
132.0,43.49861666666667,13.49654722222222,56.5,59.0,-2.5
132.1,43.498602777777776,13.496544444444444,56.7,59.0,-2.3
132.2,43.49858888888889,13.496541666666666,56.8,59.0,-2.2
132.3,43.498575,13.496538888888889,56.8,60.0,-3.2
132.4,43.498558333333335,13.49653611111111,57.0,60.0,-3.0
132.5,43.49854444444445,13.496530555555555,57.1,60.0,-2.9
132.6,43.498530555555554,13.496527777777777,57.2,60.0,-2.8
132.7,43.49851666666667,13.496524999999998,57.3,60.0,-2.7
132.8,43.49850277777778,13.496522222222222,57.4,60.0,-2.6
132.9,43.49848888888889,13.496519444444443,57.5,60.0,-2.5
133.0,43.498472222222226,13.496516666666666,57.6,61.0,-3.4
133.2,43.498444444444445,13.49651111111111,57.7,61.0,-3.3
133.3,43.49843055555556,13.496508333333333,57.9,61.0,-3.1
133.5,43.498400000000004,13.496502777777778,58.1,62.0,-3.9
133.6,43.49838611111111,13.4965,58.2,62.0,-3.8
133.7,43.49837222222222,13.49649722222222,58.3,62.0,-3.7
133.9,43.49834444444445,13.496491666666666,58.5,62.0,-3.5
134.1,43.49831666666667,13.496483333333332,58.5,63.0,-4.5
134.2,43.49830277777778,13.496480555555555,58.7,63.0,-4.3
134.4,43.498272222222226,13.496474999999998,58.8,63.0,-4.2
134.6,43.498244444444445,13.496469444444443,59.1,63.0,-3.9
134.7,43.49823055555556,13.496466666666667,59.3,63.0,-3.7
134.8,43.498216666666664,13.496463888888888,59.4,64.0,-4.6
134.9,43.49820277777778,13.49646111111111,59.5,64.0,-4.5
135.0,43.49818888888889,13.496458333333333,59.5,64.0,-4.5
135.2,43.498158333333336,13.496452777777776,59.8,64.0,-4.2
135.4,43.498130555555555,13.496444444444444,60.0,64.0,-4.0
135.6,43.49810277777778,13.496438888888887,60.2,65.0,-4.8
135.8,43.498075,13.496433333333332,60.4,65.0,-4.6
136.0,43.498047222222226,13.496427777777777,60.5,65.0,-4.5
136.2,43.498019444444445,13.496419444444443,60.7,65.0,-4.3
136.4,43.49799166666667,13.496413888888888,60.9,66.0,-5.1
136.6,43.49796111111111,13.496408333333333,61.1,66.0,-4.9
136.8,43.497933333333336,13.496402777777776,61.3,66.0,-4.7
137.0,43.497905555555555,13.496397222222221,61.5,66.0,-4.5
137.2,43.49787777777778,13.496391666666666,61.7,66.0,-4.3
137.4,43.49785,13.496383333333332,61.8,66.0,-4.2
137.6,43.497822222222226,13.496377777777777,62.0,67.0,-5.0
137.8,43.497794444444445,13.496372222222222,62.2,67.0,-4.8
138.0,43.49776666666667,13.496366666666665,62.4,67.0,-4.6
138.2,43.49773888888889,13.49636111111111,62.6,67.0,-4.4
138.4,43.49771111111111,13.496355555555555,62.8,68.0,-5.2
138.6,43.497683333333335,13.49635,63.0,68.0,-5.0
138.8,43.49765555555555,13.496344444444444,63.5,68.0,-4.5
138.9,43.49764166666667,13.496338888888888,63.5,68.0,-4.5
139.0,43.49762777777778,13.49633611111111,63.8,69.0,-5.2
139.1,43.49761388888889,13.496333333333332,63.9,69.0,-5.1
139.2,43.4976,13.496330555555554,64.1,69.0,-4.9
139.4,43.497572222222225,13.496324999999999,64.2,69.0,-4.8
139.5,43.49755833333334,13.496319444444444,64.5,69.0,-4.5
139.6,43.49754444444444,13.496316666666665,64.6,69.0,-4.4
139.8,43.49751666666667,13.49631111111111,64.8,70.0,-5.2
139.9,43.497505555555556,13.496305555555555,65.1,70.0,-4.9
140.0,43.49749166666667,13.496302777777776,65.3,70.0,-4.7
140.1,43.49747777777778,13.496297222222221,65.4,70.0,-4.6
140.2,43.49746388888889,13.496294444444443,65.6,71.0,-5.4
140.3,43.49745,13.496291666666666,65.8,71.0,-5.2
140.4,43.497436111111114,13.496286111111111,66.0,71.0,-5.0
140.5,43.497425,13.496283333333333,66.2,71.0,-4.8
140.7,43.497397222222226,13.496272222222222,66.3,72.0,-5.7
140.8,43.49738611111111,13.496266666666665,66.6,72.0,-5.4
140.9,43.497372222222225,13.49626111111111,66.7,72.0,-5.3
141.0,43.49735833333333,13.496258333333332,66.9,73.0,-6.1
141.1,43.497347222222224,13.496252777777777,67.1,73.0,-5.9
141.2,43.49733333333334,13.496247222222221,67.3,73.0,-5.7
141.3,43.49732222222222,13.496241666666666,67.5,73.0,-5.5
141.4,43.497308333333336,13.496236111111111,67.7,73.0,-5.3
141.6,43.49728611111111,13.496227777777777,67.9,74.0,-6.1
141.7,43.49727222222222,13.49622222222222,68.1,74.0,-5.9
141.8,43.497261111111115,13.496213888888889,68.2,74.0,-5.8
142.0,43.49723888888889,13.496202777777777,68.5,74.0,-5.5
142.1,43.49722777777778,13.496197222222222,68.7,75.0,-6.3
142.2,43.49721666666667,13.496188888888888,68.9,75.0,-6.1
142.3,43.49720555555556,13.496183333333333,69.1,75.0,-5.9
142.5,43.49718333333333,13.496169444444444,69.3,75.0,-5.7
142.6,43.497172222222225,13.496163888888889,69.6,75.0,-5.4
142.7,43.49716111111111,13.496155555555555,69.7,75.0,-5.3
142.8,43.49715,13.496149999999998,69.8,75.0,-5.2
142.9,43.49713888888889,13.496141666666666,69.9,75.0,-5.1
143.0,43.49712777777778,13.49613611111111,70.1,75.0,-4.9
143.1,43.497119444444444,13.496127777777778,70.2,75.0,-4.8
143.2,43.49710833333334,13.49612222222222,70.4,75.0,-4.6
143.4,43.49708611111111,13.496108333333332,70.5,75.0,-4.5
143.6,43.49706666666667,13.496094444444443,70.8,76.0,-5.2
143.8,43.49704444444445,13.496080555555555,71.1,76.0,-4.9
144.0,43.497025,13.496066666666666,71.3,76.0,-4.7
144.2,43.49700555555555,13.496055555555555,71.6,76.0,-4.4
144.3,43.49699444444445,13.496049999999999,71.8,76.0,-4.2
144.4,43.49698333333333,13.496041666666667,71.8,76.0,-4.2
144.5,43.496975,13.49603611111111,72.0,76.0,-4.0
144.6,43.49696388888889,13.496033333333333,72.2,76.0,-3.8
144.7,43.49695555555556,13.496027777777776,72.3,76.0,-3.7
144.8,43.496944444444445,13.496022222222221,72.4,76.0,-3.6
144.9,43.49693333333333,13.496016666666666,72.5,76.0,-3.5
145.0,43.496925,13.496013888888887,72.6,76.0,-3.4
145.1,43.49691388888889,13.496008333333332,72.7,76.0,-3.3
145.3,43.49689444444444,13.495999999999999,72.8,76.0,-3.2
145.4,43.49688333333334,13.495997222222222,73.0,76.0,-3.0
145.6,43.49686388888889,13.495991666666665,73.1,76.0,-2.9
145.7,43.49685277777778,13.495988888888888,73.3,76.0,-2.7
145.9,43.496833333333335,13.495983333333333,73.4,76.0,-2.6
146.0,43.496825,13.495980555555555,73.6,76.0,-2.4
146.2,43.49680277777778,13.495975,73.7,76.0,-2.3
146.3,43.49679444444445,13.495972222222221,73.9,76.0,-2.1
146.4,43.49678333333333,13.495972222222221,74.0,76.0,-2.0
146.6,43.49676388888889,13.495969444444444,74.1,76.0,-1.9
146.7,43.49675277777778,13.495969444444444,74.3,76.0,-1.7
146.8,43.496741666666665,13.495972222222221,74.4,76.0,-1.6
146.9,43.49673333333333,13.495972222222221,74.4,76.0,-1.6
147.1,43.49671388888889,13.495972222222221,74.5,76.0,-1.5
147.3,43.49669166666667,13.495977777777776,74.5,76.0,-1.5
147.5,43.49667222222222,13.495983333333333,74.5,77.0,-2.5
147.7,43.496652777777776,13.49598611111111,74.3,77.0,-2.7
147.8,43.49664166666667,13.495988888888888,74.1,77.0,-2.9
148.0,43.49662222222222,13.495994444444444,73.9,77.0,-3.1
148.2,43.49660277777778,13.496002777777777,73.7,77.0,-3.3
148.4,43.496586111111114,13.496013888888887,73.6,77.0,-3.4
148.6,43.496566666666666,13.496022222222221,73.5,77.0,-3.5
148.8,43.496547222222226,13.496033333333333,73.4,77.0,-3.6
149.0,43.49653055555556,13.496047222222222,73.3,77.0,-3.7
149.2,43.49651111111111,13.496058333333332,73.3,77.0,-3.7
149.4,43.496494444444444,13.496072222222221,73.3,77.0,-3.7
149.6,43.496475000000004,13.49608611111111,73.3,77.0,-3.7
149.8,43.496455555555556,13.496099999999998,73.3,77.0,-3.7
150.0,43.49643888888889,13.496113888888887,73.4,77.0,-3.6
150.2,43.49641944444445,13.496130555555554,73.4,77.0,-3.6
150.4,43.49640277777778,13.496144444444443,73.5,78.0,-4.5
150.6,43.496383333333334,13.49616111111111,73.5,78.0,-4.5
150.8,43.49636388888889,13.496177777777778,73.6,78.0,-4.4
151.0,43.496344444444446,13.496194444444443,73.7,78.0,-4.3
151.2,43.49632777777778,13.49621111111111,73.8,78.0,-4.2
151.3,43.496316666666665,13.496219444444444,73.9,78.0,-4.1
151.4,43.49630833333333,13.496227777777777,73.9,78.0,-4.1
151.5,43.496297222222225,13.496236111111111,74.0,78.0,-4.0
151.7,43.49627777777778,13.496252777777777,74.0,79.0,-5.0
151.9,43.49626111111111,13.496269444444444,74.1,79.0,-4.9
152.1,43.49624166666667,13.496286111111111,74.2,79.0,-4.8
152.3,43.49622222222222,13.496305555555555,74.4,79.0,-4.6
152.5,43.49620277777778,13.496322222222222,74.4,79.0,-4.6
152.7,43.496183333333335,13.496341666666666,74.5,80.0,-5.5
152.9,43.49616388888889,13.496358333333333,74.6,80.0,-5.4
153.1,43.49614166666667,13.496377777777777,74.7,80.0,-5.3
153.3,43.496122222222226,13.496394444444444,74.8,80.0,-5.2
153.5,43.49610277777778,13.496413888888888,74.9,80.0,-5.1
153.7,43.49608333333333,13.496433333333332,75.0,81.0,-6.0
153.9,43.49606111111111,13.496452777777776,75.1,81.0,-5.9
154.1,43.49604166666667,13.496472222222222,75.2,81.0,-5.8
154.3,43.49601944444444,13.496491666666666,75.2,81.0,-5.8
154.5,43.496,13.49651111111111,75.3,81.0,-5.7
154.7,43.49597777777778,13.496530555555555,75.4,82.0,-6.6
154.9,43.495958333333334,13.49655,75.5,82.0,-6.5
155.1,43.495936111111114,13.496569444444443,75.6,82.0,-6.4
155.3,43.495916666666666,13.496588888888889,75.7,82.0,-6.3
155.5,43.495894444444446,13.496608333333333,75.8,82.0,-6.2
155.7,43.495872222222225,13.496630555555555,75.9,82.0,-6.1
155.9,43.495850000000004,13.496649999999999,75.9,82.0,-6.1
156.1,43.49582777777778,13.496669444444443,75.9,82.0,-6.1
156.3,43.495805555555556,13.496688888888889,75.9,82.0,-6.1
156.5,43.495783333333335,13.496708333333332,75.9,82.0,-6.1
156.7,43.495761111111115,13.496730555555555,75.9,82.0,-6.1
156.9,43.49573888888889,13.496749999999999,75.9,82.0,-6.1
157.1,43.495713888888886,13.496769444444444,75.9,82.0,-6.1
157.3,43.495691666666666,13.496791666666665,75.9,82.0,-6.1
157.5,43.495669444444445,13.49681111111111,76.0,82.0,-6.0
157.7,43.495647222222225,13.496830555555555,76.0,82.0,-6.0
157.9,43.495622222222224,13.496852777777777,76.1,82.0,-5.9
158.1,43.4956,13.49687222222222,76.1,82.0,-5.9
158.3,43.495575,13.496891666666667,76.1,82.0,-5.9
158.5,43.49555,13.496913888888889,76.1,82.0,-5.9
158.6,43.49553888888889,13.496925,76.1,82.0,-5.9
158.8,43.49551388888889,13.496944444444443,76.1,82.0,-5.9
158.9,43.4955,13.496955555555555,76.2,82.0,-5.8
159.1,43.495475,13.496977777777778,76.2,82.0,-5.8
159.2,43.49546388888889,13.496988888888888,76.3,83.0,-6.7
159.4,43.49543888888889,13.49701111111111,76.3,83.0,-6.7
159.5,43.495425000000004,13.497022222222222,76.4,83.0,-6.6
159.7,43.495400000000004,13.497044444444443,76.5,83.0,-6.5
159.8,43.49538611111111,13.497055555555555,76.6,84.0,-7.4
160.0,43.49536111111111,13.497077777777777,76.7,84.0,-7.3
160.2,43.495336111111115,13.4971,76.9,84.0,-7.1
160.4,43.495311111111114,13.497122222222222,77.0,84.0,-7.0
160.6,43.49528611111111,13.497144444444444,77.2,85.0,-7.8
160.7,43.495272222222226,13.497152777777776,77.3,85.0,-7.7
160.9,43.495247222222226,13.497174999999999,77.4,85.0,-7.6
161.1,43.495222222222225,13.497197222222221,77.6,86.0,-8.4
161.3,43.495197222222224,13.497219444444443,77.8,86.0,-8.2
161.5,43.49517222222222,13.497238888888887,78.0,86.0,-8.0
161.6,43.49516111111111,13.49725,78.1,86.0,-7.9
161.8,43.495136111111115,13.497272222222222,78.2,87.0,-8.8
162.0,43.495111111111115,13.497294444444444,78.4,87.0,-8.6
162.2,43.49508888888889,13.497316666666666,78.6,87.0,-8.4
162.4,43.49506388888889,13.497338888888889,78.8,87.0,-8.2
162.6,43.495041666666665,13.497358333333333,79.0,88.0,-9.0
162.8,43.495016666666665,13.497380555555555,79.3,88.0,-8.7
163.0,43.494994444444444,13.497402777777777,79.5,88.0,-8.5
163.2,43.49496944444444,13.497425,79.8,88.0,-8.2
163.4,43.49494722222222,13.497447222222222,80.1,88.0,-7.9
163.6,43.494927777777775,13.497469444444443,80.3,88.0,-7.7
163.8,43.494905555555555,13.497494444444444,80.6,88.0,-7.4
163.9,43.49489444444445,13.497505555555554,80.9,88.0,-7.1
164.1,43.494875,13.497530555555555,81.0,88.0,-7.0
164.3,43.49485555555556,13.497552777777777,81.2,88.0,-6.8
164.5,43.49483611111111,13.497577777777776,81.5,88.0,-6.5
164.7,43.494816666666665,13.497605555555555,81.7,88.0,-6.3
164.8,43.49480833333333,13.497616666666666,82.0,88.0,-6.0
164.9,43.494797222222225,13.497630555555554,82.1,88.0,-5.9
165.0,43.49478888888889,13.497644444444443,82.3,89.0,-6.7
165.1,43.49478055555556,13.497658333333332,82.4,89.0,-6.6
165.2,43.494772222222224,13.49767222222222,82.4,89.0,-6.6
165.3,43.49476388888889,13.49768611111111,82.6,89.0,-6.4
165.4,43.49475555555556,13.4977,82.8,89.0,-6.2
165.5,43.49475,13.497713888888889,82.9,89.0,-6.1
165.6,43.49474166666667,13.497727777777778,83.0,89.0,-6.0
165.7,43.494733333333336,13.497741666666666,83.2,89.0,-5.8
165.9,43.49471944444444,13.49777222222222,83.4,89.0,-5.6
166.0,43.49471388888889,13.497788888888888,83.5,89.0,-5.5
166.1,43.494705555555555,13.497802777777776,83.5,89.0,-5.5
166.2,43.4947,13.497819444444444,83.8,89.0,-5.2
166.3,43.49469444444445,13.497836111111111,83.9,89.0,-5.1
166.4,43.49468888888889,13.497852777777776,84.0,89.0,-5.0
166.6,43.49467777777778,13.49788611111111,84.2,89.0,-4.8
166.7,43.49467222222222,13.497902777777776,84.3,89.0,-4.7
166.8,43.49466666666667,13.497919444444443,84.4,89.0,-4.6
166.9,43.49466388888889,13.49793611111111,84.5,89.0,-4.5
167.0,43.494658333333334,13.497952777777776,84.5,90.0,-5.5
167.1,43.49465555555555,13.497969444444443,84.7,90.0,-5.3
167.2,43.49465,13.49798611111111,84.8,90.0,-5.2
167.3,43.49464722222222,13.498005555555554,84.9,90.0,-5.1
167.4,43.49464444444445,13.498022222222222,85.0,90.0,-5.0
167.5,43.494641666666666,13.498038888888889,85.1,90.0,-4.9
167.6,43.49463888888889,13.498058333333333,85.1,90.0,-4.9
167.7,43.49463611111111,13.498075,85.2,90.0,-4.8
167.9,43.49463055555556,13.498111111111111,85.3,90.0,-4.7
168.0,43.49462777777778,13.498130555555555,85.5,91.0,-5.5
168.1,43.49462777777778,13.49814722222222,85.5,91.0,-5.5
168.2,43.494625,13.498166666666666,85.6,91.0,-5.4
168.4,43.494622222222226,13.498202777777777,85.8,91.0,-5.2
168.6,43.494619444444446,13.498238888888888,86.0,91.0,-5.0
168.7,43.494619444444446,13.498258333333332,86.1,91.0,-4.9
168.8,43.494619444444446,13.498277777777776,86.1,92.0,-5.9
168.9,43.494616666666666,13.498294444444443,86.3,92.0,-5.7
169.0,43.494616666666666,13.498313888888887,86.4,92.0,-5.6
169.1,43.494616666666666,13.498333333333333,86.5,92.0,-5.5
169.2,43.494616666666666,13.498349999999999,86.6,92.0,-5.4
169.3,43.494616666666666,13.498369444444444,86.7,92.0,-5.3
169.5,43.494616666666666,13.498408333333332,87.0,93.0,-6.0
169.6,43.494616666666666,13.498425,87.1,93.0,-5.9
169.7,43.494616666666666,13.498444444444443,87.1,93.0,-5.9
169.8,43.494616666666666,13.498463888888889,87.3,93.0,-5.7
169.9,43.494619444444446,13.498480555555554,87.4,94.0,-6.6
170.0,43.494619444444446,13.4985,87.5,94.0,-6.5
170.1,43.494619444444446,13.498519444444444,87.6,94.0,-6.4
170.2,43.494619444444446,13.498538888888888,87.7,94.0,-6.3
170.3,43.494619444444446,13.498558333333332,87.9,94.0,-6.1
170.4,43.494619444444446,13.498577777777777,88.0,95.0,-7.0
170.5,43.494622222222226,13.498597222222221,88.1,95.0,-6.9
170.6,43.494622222222226,13.498616666666665,88.1,95.0,-6.9
170.7,43.494622222222226,13.49863611111111,88.3,95.0,-6.7
170.9,43.494622222222226,13.498674999999999,88.4,96.0,-7.6
171.0,43.494622222222226,13.498694444444444,88.5,96.0,-7.5
171.1,43.494622222222226,13.498713888888888,88.6,96.0,-7.4
171.2,43.494622222222226,13.498733333333332,88.7,96.0,-7.3
171.3,43.494622222222226,13.498752777777778,88.8,97.0,-8.2
171.5,43.494625,13.498794444444444,88.9,97.0,-8.1
171.6,43.494625,13.498813888888888,89.2,97.0,-7.8
171.7,43.494625,13.498833333333332,89.3,97.0,-7.7
171.8,43.494625,13.498852777777778,89.4,98.0,-8.6
171.9,43.49462777777778,13.498875,89.5,98.0,-8.5
172.1,43.49462777777778,13.498913888888888,89.7,98.0,-8.3
172.2,43.49463055555556,13.498933333333332,89.9,98.0,-8.1
172.4,43.49463055555556,13.498975,90.0,99.0,-9.0
172.5,43.49463333333333,13.498994444444444,90.3,99.0,-8.7
172.7,43.49463333333333,13.49903611111111,90.4,100.0,-9.6
172.8,43.49463611111111,13.499055555555556,90.7,100.0,-9.3
173.0,43.49463888888889,13.499094444444443,90.8,100.0,-9.2
173.2,43.49463888888889,13.49913611111111,91.1,101.0,-9.9
173.4,43.494641666666666,13.499175,91.4,101.0,-9.6
173.6,43.494641666666666,13.499213888888889,91.6,101.0,-9.4
173.7,43.494641666666666,13.499233333333333,91.9,102.0,-10.1
173.9,43.49464444444445,13.49927222222222,92.1,102.0,-9.9
174.1,43.49464722222222,13.49931111111111,92.4,102.0,-9.6
174.3,43.49464722222222,13.49935,92.7,103.0,-10.3
174.5,43.49464722222222,13.499388888888888,93.0,103.0,-10.0
174.7,43.49465,13.499424999999999,93.2,104.0,-10.8
174.9,43.49465,13.499463888888888,93.5,104.0,-10.5
175.0,43.49465277777778,13.499480555555555,93.8,104.0,-10.2
175.2,43.49465277777778,13.499516666666667,93.9,105.0,-11.1
175.4,43.49465277777778,13.499552777777778,94.1,105.0,-10.9
175.5,43.49465555555555,13.499572222222222,94.4,105.0,-10.6
175.6,43.49465555555555,13.499588888888889,94.6,106.0,-11.4
175.7,43.49465555555555,13.499608333333333,94.8,106.0,-11.2
175.8,43.49465555555555,13.499625,95.0,106.0,-11.0
175.9,43.49465555555555,13.499641666666665,95.1,106.0,-10.9
176.1,43.494658333333334,13.499677777777777,95.2,107.0,-11.8
176.2,43.494658333333334,13.499694444444444,95.5,107.0,-11.5
176.3,43.494658333333334,13.499711111111111,95.7,107.0,-11.3
176.4,43.494658333333334,13.499727777777776,95.9,108.0,-12.1
176.5,43.494658333333334,13.499744444444444,96.0,108.0,-12.0
176.6,43.494658333333334,13.49976111111111,96.2,108.0,-11.8
176.7,43.494658333333334,13.499775,96.3,108.0,-11.7
176.8,43.494661111111114,13.499791666666665,96.4,108.0,-11.6
177.0,43.494661111111114,13.499825,96.6,109.0,-12.4
177.2,43.494661111111114,13.499855555555555,96.8,109.0,-12.2
177.3,43.494661111111114,13.499869444444444,97.0,109.0,-12.0
177.4,43.494661111111114,13.49988611111111,97.1,109.0,-11.9
177.6,43.494658333333334,13.499916666666666,97.2,110.0,-12.8
177.7,43.494658333333334,13.499930555555554,97.4,110.0,-12.6
177.8,43.494658333333334,13.499947222222222,97.5,110.0,-12.5
177.9,43.49465555555555,13.49996111111111,97.5,110.0,-12.5
178.0,43.49465555555555,13.499977777777778,97.7,111.0,-13.3
178.1,43.49465555555555,13.499991666666666,97.8,111.0,-13.2
178.2,43.49465277777778,13.500008333333334,97.9,111.0,-13.1
178.3,43.49465277777778,13.500022222222222,98.1,111.0,-12.9
178.4,43.49465277777778,13.500036111111111,98.3,111.0,-12.7
178.6,43.49465,13.500066666666667,98.3,112.0,-13.7
178.8,43.49464722222222,13.500094444444445,98.5,112.0,-13.5
178.9,43.49464722222222,13.500111111111112,98.7,112.0,-13.3
179.0,43.49464722222222,13.500125,98.8,112.0,-13.2
179.1,43.49464444444445,13.50013888888889,98.9,112.0,-13.1
179.2,43.49464444444445,13.500152777777778,99.0,113.0,-14.0
179.4,43.494641666666666,13.500183333333334,99.1,113.0,-13.9
179.6,43.49463888888889,13.500211111111112,99.3,113.0,-13.7
179.7,43.49463611111111,13.500225,99.3,113.0,-13.7
179.8,43.49463611111111,13.50023888888889,99.4,114.0,-14.6
180.0,43.49463333333333,13.500266666666667,99.5,114.0,-14.5
180.1,43.49463055555556,13.500280555555555,99.6,114.0,-14.4
